{"objective": "binary:logistic", "eval_metric": "auc", "learning_rate": 0.05643441934445655, "max_depth": 8, "min_child_weight": 48, "gamma": 3.1211168430006975, "reg_alpha": 9.379766492084071, "reg_lambda": 3.366754871022649, "subsample": 0.7705351268903144, "colsample_bytree": 0.32411340835308117, "colsample_bylevel": 0.776368927453128, "colsample_bynode": 0.8266570156730153, "max_delta_step": 9, "n_estimators": 20}