{"objective": "binary:logistic", "eval_metric": "auc", "learning_rate": 0.4464041722487703, "max_depth": 8, "min_child_weight": 9, "gamma": 2.0481635337818305, "reg_alpha": 1.135198726154748, "reg_lambda": 5.592229636392361, "subsample": 0.553673062042037, "colsample_bytree": 0.41595447076847414, "colsample_bylevel": 0.3625145116551879, "colsample_bynode": 0.5999566236321134, "max_delta_step": 5, "n_estimators": 28}