{"objective": "binary:logistic", "eval_metric": "auc", "learning_rate": 0.19009008375999903, "max_depth": 4, "min_child_weight": 11, "gamma": 9.514952469634482, "reg_alpha": 3.075505840476679, "reg_lambda": 3.83265557447836, "subsample": 0.6332411868856724, "colsample_bytree": 0.7625986944540601, "colsample_bylevel": 0.8259893065679547, "colsample_bynode": 0.4654437083274451, "max_delta_step": 2, "n_estimators": 51}