{"objective": "binary:logistic", "eval_metric": "auc", "learning_rate": 0.0010750709140513273, "max_depth": 12, "min_child_weight": 46, "gamma": 4.922242105602464, "reg_alpha": 0.0688082527851086, "reg_lambda": 3.4155748303523428, "subsample": 0.7983317944283974, "colsample_bytree": 0.32952564936230033, "colsample_bylevel": 0.8894417052881585, "colsample_bynode": 0.3855938648528949, "max_delta_step": 6, "n_estimators": 200}