{"test_gini": 0.6780655922928553, "test_ap": 0.390328379314915, "optimization_time": 209.8134002685547, "fpr": [0.0, 0.0017248814144027599, 0.0068995256576110395, 0.0129366106080207, 0.015955153083225527, 0.02501078050884002, 0.04139715394566624, 0.049590340664079344, 0.05821474773609314, 0.06770159551530833, 0.07460112117291937, 0.08451918930573524, 0.09573091849935317, 0.11470461405778352, 0.12332902112979732, 0.13454075032341525, 0.1448900388098318, 0.15782664941785252, 0.16645105648986633, 0.17852522639068563, 0.19534282018111254, 0.31047865459249674, 0.382492453643812, 0.3885295385942216, 0.4023285899094437, 0.6054333764553687, 1.0], "tpr": [0.0, 0.07751937984496124, 0.2558139534883721, 0.3798449612403101, 0.4186046511627907, 0.43410852713178294, 0.46511627906976744, 0.4806201550387597, 0.49612403100775193, 0.5348837209302325, 0.5658914728682171, 0.5891472868217055, 0.6046511627906976, 0.627906976744186, 0.6589147286821705, 0.6821705426356589, 0.7054263565891473, 0.7131782945736435, 0.7286821705426356, 0.751937984496124, 0.751937984496124, 0.8062015503875969, 0.8604651162790697, 0.8604651162790697, 0.8682170542635659, 0.9147286821705426, 1.0], "precision": [0.05269607843137255, 0.07752956636005257, 0.10717703349282297, 0.10968379446640317, 0.11122244488977956, 0.1262135922330097, 0.17636363636363636, 0.1898238747553816, 0.19583333333333333, 0.20087336244541484, 0.21311475409836064, 0.22, 0.22911051212938005, 0.2334293948126801, 0.26, 0.27941176470588236, 0.2967479674796748, 0.3053097345132743, 0.32160804020100503, 0.3502824858757062, 0.38461538461538464, 0.49122807017543857, 0.5934065934065934, 0.620253164556962, 0.673469387755102, 0.7142857142857143, 1.0], "recall": [1.0, 0.9147286821705426, 0.8682170542635659, 0.8604651162790697, 0.8604651162790697, 0.8062015503875969, 0.751937984496124, 0.751937984496124, 0.7286821705426356, 0.7131782945736435, 0.7054263565891473, 0.6821705426356589, 0.6589147286821705, 0.627906976744186, 0.6046511627906976, 0.5891472868217055, 0.5658914728682171, 0.5348837209302325, 0.49612403100775193, 0.4806201550387597, 0.46511627906976744, 0.43410852713178294, 0.4186046511627907, 0.3798449612403101, 0.2558139534883721, 0.07751937984496124, 0.0], "mean_train_gini": [0.8975879609380257, 0.9236914583228533, 0.9183136098395291, 0.9191881717725573, 0.9069935610443182, 0.9128565330394993, 0.9123121971259454, 0.9165000335362276, 0.9036111180978251, 0.9220392751144424, 0.920015056187336, 0.9180406039874575, 0.9108355551084057, 0.9242254179452354, 0.9136683183258715, 0.9100603088621223, 0.9266206381944095, 0.9186966564381173, 0.918294221708, 0.9041592258161879, 0.917807095753987, 0.9197184633700555, 0.9182329132920837, 0.9111813974546004, 0.9261768071834598, 0.9139473706345468, 0.9112489939131747, 0.916858975971293, 0.9209194795177491, 0.920189018562302, 0.921325112711123, 0.9223835454499724, 0.899259268574878, 0.9143668150644735, 0.9095140181430991, 0.8976710223067088, 0.9307807024162852, 0.9209477757097104, 0.9158424090749031, 0.9129839696832502, 0.9245913170378843, 0.9101443944195717, 0.9191734996730218, 0.9121445159883964, 0.9059036336502506, 0.9293032097436242, 0.903899844056542, 0.9160048501769036, 0.90947838590137, 0.9142295261331053], "mean_test_gini": [0.8407316992161553, 0.8160201197765964, 0.7853694233227912, 0.8690279927326559, 0.7968508175762061, 0.800044838581108, 0.792283493708364, 0.8280482470896979, 0.8142789852634412, 0.8024779624520557, 0.800277334927594, 0.8148173070452863, 0.7879516856200794, 0.8336333355763408, 0.8187201399636632, 0.7917663079580178, 0.7820301460197833, 0.8353912926451786, 0.8085172599421304, 0.8077013659915215, 0.8579696426199017, 0.7845703519278648, 0.8071209878204696, 0.8130845838099723, 0.7954881905659108, 0.8286917098445595, 0.8054219096965212, 0.8347940919184442, 0.8032602112912992, 0.8113182154632932, 0.8225803773083566, 0.7791282551645247, 0.8120415853576475, 0.8166761994482201, 0.8204949195881839, 0.8233858110801116, 0.7302587309063993, 0.7870853240024225, 0.8311772424466725, 0.8062041585357647, 0.7816111996811479, 0.8241201803377969, 0.8427427494785007, 0.8241370028934796, 0.7597318484624185, 0.7760063770426464, 0.8292342372653253, 0.8372922414373192, 0.7695646322589329, 0.8371997173810645]}