{"objective": "binary:logistic", "eval_metric": "auc", "learning_rate": 4.6176256056541145e-06, "max_depth": 3, "min_child_weight": 4, "gamma": 7.95243430709334, "reg_alpha": 4.692384671011302, "reg_lambda": 0.5654295657380959, "subsample": 0.5769498465091891, "colsample_bytree": 0.8160540453911778, "colsample_bylevel": 0.3794361735902473, "colsample_bynode": 0.6568223074973598, "max_delta_step": 7, "scale_pos_weight": 5, "n_estimators": 37}