,Training sample size,GINI
0,50,0.09942424288862828
1,100,0.4075881566763351
2,500,0.5036950596782179
3,1000,0.5252473202618022
4,2000,0.5313122567198949
5,3000,0.5404899711244917
6,5000,0.5396593010436606
7,7000,0.5541534200620235
8,10000,0.5594324416197405
9,20000,0.5622786040748924
