,Training sample size,GINI
0,50,0.1981353633493732
1,100,0.2982058571122077
2,500,0.40825251859632905
3,1000,0.45221394764143086
4,2000,0.473910980494868
5,3000,0.4745437061329574
6,5000,0.4775012631293474
7,7000,0.47816057485388086
8,10000,0.4795984293543829
9,20000,0.48012214042840506
