{"test_gini": 0.679779194093268, "test_ap": 0.43141829843451485, "optimization_time": 110.58187341690063, "fpr": [0.0, 0.0011841326228537595, 0.005920663114268798, 0.013025458851391355, 0.037892243931320305, 0.07992895204262877, 0.11959739490822972, 0.2581409117821196, 0.2818235642391948, 0.31557134399052694, 0.3457667258732978, 0.5565423327412671, 0.6003552397868561, 1.0], "tpr": [0.0, 0.25, 0.35294117647058826, 0.47058823529411764, 0.5, 0.5882352941176471, 0.6323529411764706, 0.7205882352941176, 0.7205882352941176, 0.7647058823529411, 0.7647058823529411, 0.9558823529411765, 0.9705882352941176, 1.0], "precision": [0.03870233352305066, 0.06111111111111111, 0.06467661691542288, 0.08176100628930817, 0.08888888888888889, 0.09333333333333334, 0.10103092783505155, 0.17551020408163265, 0.22857142857142856, 0.3469387755102041, 0.5925925925925926, 0.7058823529411765, 0.8947368421052632, 1.0], "recall": [1.0, 0.9705882352941176, 0.9558823529411765, 0.7647058823529411, 0.7647058823529411, 0.7205882352941176, 0.7205882352941176, 0.6323529411764706, 0.5882352941176471, 0.5, 0.47058823529411764, 0.35294117647058826, 0.25, 0.0], "mean_train_gini": [0.9394993310223195, 0.9394746244602566, 0.9381613756613756, 0.9426074375169996, 0.940119828341745, 0.9221819315210119, 0.9364794289363254, 0.9410862525086663, 0.934880171658255, 0.9422164465532352, 0.937975126193517, 0.9451172231344644, 0.9337293985282491, 0.9464984587022878, 0.9320374595787119, 0.9453661892598675, 0.9419281761235785, 0.9408448884023597, 0.93799109976125, 0.9319014627217505, 0.944875859028158, 0.9483898923554096, 0.9270111141519188, 0.9416913475777451, 0.9440788479555139, 0.9152222830383752, 0.9405902207626345, 0.9308235267286993, 0.9424544410529179, 0.9525654295989604, 0.9212905947819741, 0.9479489752478258, 0.9375038010095481, 0.9409433648644564, 0.9447059445737254, 0.942169540229885, 0.9479451742382776, 0.9031331721705285, 0.9362155852398079, 0.945484148810783, 0.9069284802043424, 0.9543688803746275, 0.9449347746761539, 0.9438540753724802, 0.9084930037172474, 0.9419737882381561, 0.9109727543635588, 0.9489999543878854, 0.9363591374777116, 0.9498190486264317], "mean_test_gini": [0.8881112579598702, 0.8962513516760784, 0.9067944250871081, 0.8813423645320195, 0.9007389162561577, 0.8180343626096359, 0.869368016340262, 0.89922503904842, 0.9353756157635468, 0.8309729064039408, 0.9130121350474589, 0.8273158716808842, 0.8241619608314309, 0.8648706896551724, 0.9025246305418719, 0.7879370419319957, 0.8642016099963956, 0.9092875165204853, 0.8886699507389163, 0.9409790640394089, 0.857232968881413, 0.8233509551844287, 0.91370299170972, 0.8707820197044335, 0.8861145320197044, 0.86080740117746, 0.8822840321999278, 0.882404181184669, 0.9079433497536946, 0.8551416256157636, 0.85801393728223, 0.8181545115943771, 0.8735131563138293, 0.917210591133005, 0.8685652709359606, 0.8665745524450318, 0.80067283431455, 0.8485221674876847, 0.9424568965517242, 0.8911637931034484, 0.8596059113300492, 0.8055989426889343, 0.8424846810044454, 0.882820197044335, 0.863485221674877, 0.8788597861348071, 0.8266550522648084, 0.8659437702751412, 0.9148706896551724, 0.8484605911330049]}