{"test_gini": 0.9237012987012987, "test_ap": 0.9697228751863021, "optimization_time": 305.49650859832764, "fpr": [0.0, 0.0, 0.0, 0.012987012987012988, 0.012987012987012988, 0.025974025974025976, 0.025974025974025976, 0.03896103896103896, 0.03896103896103896, 0.05194805194805195, 0.05194805194805195, 0.09090909090909091, 0.09090909090909091, 0.11688311688311688, 0.11688311688311688, 0.14285714285714285, 0.14285714285714285, 0.15584415584415584, 0.15584415584415584, 0.18181818181818182, 0.18181818181818182, 0.2857142857142857, 0.2857142857142857, 0.3116883116883117, 0.3116883116883117, 0.38961038961038963, 0.38961038961038963, 0.6883116883116883, 0.6883116883116883, 0.9090909090909091, 0.935064935064935, 1.0], "tpr": [0.0, 0.010416666666666666, 0.34375, 0.34375, 0.8229166666666666, 0.8229166666666666, 0.84375, 0.84375, 0.8645833333333334, 0.8645833333333334, 0.8854166666666666, 0.8854166666666666, 0.8958333333333334, 0.8958333333333334, 0.90625, 0.90625, 0.9166666666666666, 0.9166666666666666, 0.9270833333333334, 0.9270833333333334, 0.9479166666666666, 0.9479166666666666, 0.96875, 0.96875, 0.9791666666666666, 0.9791666666666666, 0.9895833333333334, 0.9895833333333334, 1.0, 1.0, 1.0, 1.0], "precision": [0.6442953020134228, 0.6418918918918919, 0.6462585034013606, 0.6506849315068494, 0.6551724137931034, 0.6597222222222222, 0.6643356643356644, 0.6690140845070423, 0.6737588652482269, 0.6785714285714286, 0.6834532374100719, 0.6884057971014492, 0.6934306569343066, 0.6985294117647058, 0.7037037037037037, 0.7089552238805971, 0.7142857142857143, 0.7196969696969697, 0.7251908396946565, 0.7307692307692307, 0.7364341085271318, 0.7421875, 0.7480314960629921, 0.753968253968254, 0.76, 0.7580645161290323, 0.7642276422764228, 0.7704918032786885, 0.7768595041322314, 0.7833333333333333, 0.7899159663865546, 0.7966101694915254, 0.7948717948717948, 0.8017241379310345, 0.808695652173913, 0.8070175438596491, 0.8053097345132744, 0.8125, 0.8198198198198198, 0.8272727272727273, 0.8348623853211009, 0.8425925925925926, 0.8504672897196262, 0.8584905660377359, 0.8666666666666667, 0.8653846153846154, 0.8640776699029126, 0.8725490196078431, 0.8811881188118812, 0.88, 0.8888888888888888, 0.8877551020408163, 0.8969072164948454, 0.90625, 0.9052631578947369, 0.9148936170212766, 0.9247311827956989, 0.9239130434782609, 0.9340659340659341, 0.9444444444444444, 0.9550561797752809, 0.9545454545454546, 0.9540229885057471, 0.9651162790697675, 0.9647058823529412, 0.9642857142857143, 0.9759036144578314, 0.975609756097561, 0.9753086419753086, 0.9875, 0.9873417721518988, 0.9871794871794872, 0.987012987012987, 0.9868421052631579, 0.9866666666666667, 0.9864864864864865, 0.9863013698630136, 0.9861111111111112, 0.9859154929577465, 0.9857142857142858, 0.9855072463768116, 0.9852941176470589, 0.9850746268656716, 0.9848484848484849, 0.9846153846153847, 0.984375, 0.9841269841269841, 0.9838709677419355, 0.9836065573770492, 0.9833333333333333, 0.9830508474576272, 0.9827586206896551, 0.9824561403508771, 0.9821428571428571, 0.9818181818181818, 0.9814814814814815, 0.9811320754716981, 0.9807692307692307, 0.9803921568627451, 0.98, 0.9795918367346939, 0.9791666666666666, 0.9787234042553191, 0.9782608695652174, 0.9777777777777777, 0.9772727272727273, 0.9767441860465116, 0.9761904761904762, 0.975609756097561, 0.975, 0.9743589743589743, 0.9736842105263158, 0.972972972972973, 0.9722222222222222, 0.9714285714285714, 0.9705882352941176, 1.0, 1.0, 1.0, 1.0, 1.0, 1.0, 1.0, 1.0, 1.0, 1.0, 1.0, 1.0, 1.0, 1.0, 1.0, 1.0, 1.0, 1.0, 1.0, 1.0, 1.0, 1.0, 1.0, 1.0, 1.0, 1.0, 1.0, 1.0, 1.0, 1.0, 1.0, 1.0, 1.0, 1.0], "recall": [1.0, 0.9895833333333334, 0.9895833333333334, 0.9895833333333334, 0.9895833333333334, 0.9895833333333334, 0.9895833333333334, 0.9895833333333334, 0.9895833333333334, 0.9895833333333334, 0.9895833333333334, 0.9895833333333334, 0.9895833333333334, 0.9895833333333334, 0.9895833333333334, 0.9895833333333334, 0.9895833333333334, 0.9895833333333334, 0.9895833333333334, 0.9895833333333334, 0.9895833333333334, 0.9895833333333334, 0.9895833333333334, 0.9895833333333334, 0.9895833333333334, 0.9791666666666666, 0.9791666666666666, 0.9791666666666666, 0.9791666666666666, 0.9791666666666666, 0.9791666666666666, 0.9791666666666666, 0.96875, 0.96875, 0.96875, 0.9583333333333334, 0.9479166666666666, 0.9479166666666666, 0.9479166666666666, 0.9479166666666666, 0.9479166666666666, 0.9479166666666666, 0.9479166666666666, 0.9479166666666666, 0.9479166666666666, 0.9375, 0.9270833333333334, 0.9270833333333334, 0.9270833333333334, 0.9166666666666666, 0.9166666666666666, 0.90625, 0.90625, 0.90625, 0.8958333333333334, 0.8958333333333334, 0.8958333333333334, 0.8854166666666666, 0.8854166666666666, 0.8854166666666666, 0.8854166666666666, 0.875, 0.8645833333333334, 0.8645833333333334, 0.8541666666666666, 0.84375, 0.84375, 0.8333333333333334, 0.8229166666666666, 0.8229166666666666, 0.8125, 0.8020833333333334, 0.7916666666666666, 0.78125, 0.7708333333333334, 0.7604166666666666, 0.75, 0.7395833333333334, 0.7291666666666666, 0.71875, 0.7083333333333334, 0.6979166666666666, 0.6875, 0.6770833333333334, 0.6666666666666666, 0.65625, 0.6458333333333334, 0.6354166666666666, 0.625, 0.6145833333333334, 0.6041666666666666, 0.59375, 0.5833333333333334, 0.5729166666666666, 0.5625, 0.5520833333333334, 0.5416666666666666, 0.53125, 0.5208333333333334, 0.5104166666666666, 0.5, 0.4895833333333333, 0.4791666666666667, 0.46875, 0.4583333333333333, 0.4479166666666667, 0.4375, 0.4270833333333333, 0.4166666666666667, 0.40625, 0.3958333333333333, 0.3854166666666667, 0.375, 0.3645833333333333, 0.3541666666666667, 0.34375, 0.34375, 0.3333333333333333, 0.3229166666666667, 0.3125, 0.3020833333333333, 0.2916666666666667, 0.28125, 0.2708333333333333, 0.2604166666666667, 0.25, 0.23958333333333334, 0.22916666666666666, 0.21875, 0.20833333333333334, 0.19791666666666666, 0.1875, 0.17708333333333334, 0.16666666666666666, 0.15625, 0.14583333333333334, 0.13541666666666666, 0.125, 0.11458333333333333, 0.10416666666666667, 0.09375, 0.08333333333333333, 0.07291666666666667, 0.0625, 0.052083333333333336, 0.041666666666666664, 0.03125, 0.020833333333333332, 0.010416666666666666, 0.0], "mean_train_gini": [0.9565810708183026, 0.9660385418644389, 0.961436672967864, 0.9640713610586013, 0.9664697542533082, 0.9622413138408962, 0.9634279475982533, 0.9673913043478262, 0.9602551984877127, 0.9670486767485822, 0.9605206948927283, 0.9658368141256883, 0.9633034026465029, 0.9664697542533082, 0.958742911153119, 0.9644009872792861, 0.9668217201442947, 0.9719517958412098, 0.957100661625709, 0.9598889413988657, 0.9604138978545662, 0.9625854376305296, 0.970663988657845, 0.962181001890359, 0.9618856332703214, 0.9643891209417125, 0.9629295614201632, 0.9619092627599244, 0.9675803402646502, 0.967249527410208, 0.9604257641921398, 0.9603189671539776, 0.973475897920605, 0.9644494328922496, 0.9584475425330813, 0.9632855515473705, 0.9555961647996962, 0.9642131379962193, 0.9651228733459356, 0.9705576559546314, 0.9679608885513575, 0.9622887791911905, 0.9614366729678638, 0.9624409262759925, 0.963421550094518, 0.9652078982342889, 0.9626447693183977, 0.9637996219281664, 0.9670841209829868, 0.9615902646502835],