{"test_gini": 0.9163961038961037, "test_ap": 0.9675951339313926, "optimization_time": 1661.0690495967865, "fpr": [0.0, 0.0, 0.0, 0.012987012987012988, 0.012987012987012988, 0.025974025974025976, 0.025974025974025976, 0.03896103896103896, 0.03896103896103896, 0.05194805194805195, 0.05194805194805195, 0.06493506493506493, 0.06493506493506493, 0.07792207792207792, 0.07792207792207792, 0.11688311688311688, 0.11688311688311688, 0.14285714285714285, 0.14285714285714285, 0.15584415584415584, 0.15584415584415584, 0.16883116883116883, 0.16883116883116883, 0.19480519480519481, 0.19480519480519481, 0.2077922077922078, 0.2077922077922078, 0.22077922077922077, 0.22077922077922077, 0.42857142857142855, 0.42857142857142855, 0.5584415584415584, 0.5584415584415584, 0.7402597402597403, 0.7402597402597403, 0.961038961038961, 0.987012987012987, 1.0], "tpr": [0.0, 0.010416666666666666, 0.34375, 0.34375, 0.7708333333333334, 0.7708333333333334, 0.8229166666666666, 0.8229166666666666, 0.8333333333333334, 0.8333333333333334, 0.8645833333333334, 0.8645833333333334, 0.875, 0.875, 0.8958333333333334, 0.8958333333333334, 0.90625, 0.90625, 0.9166666666666666, 0.9166666666666666, 0.9270833333333334, 0.9270833333333334, 0.9375, 0.9375, 0.9479166666666666, 0.9479166666666666, 0.9583333333333334, 0.9583333333333334, 0.96875, 0.96875, 0.9791666666666666, 0.9791666666666666, 0.9895833333333334, 0.9895833333333334, 1.0, 1.0, 1.0, 1.0], "precision": [0.6274509803921569, 0.625, 0.6291390728476821, 0.6333333333333333, 0.6375838926174496, 0.6418918918918919, 0.6462585034013606, 0.6506849315068494, 0.6551724137931034, 0.6597222222222222, 0.6643356643356644, 0.6690140845070423, 0.6737588652482269, 0.6785714285714286, 0.6834532374100719, 0.6884057971014492, 0.6861313868613139, 0.6911764705882353, 0.6962962962962963, 0.7014925373134329, 0.706766917293233, 0.7121212121212122, 0.7175572519083969, 0.7230769230769231, 0.7286821705426356, 0.734375, 0.7401574803149606, 0.7380952380952381, 0.744, 0.75, 0.7560975609756098, 0.7622950819672131, 0.768595041322314, 0.775, 0.7815126050420168, 0.788135593220339, 0.7948717948717948, 0.8017241379310345, 0.808695652173913, 0.8157894736842105, 0.8230088495575221, 0.8303571428571429, 0.8378378378378378, 0.8454545454545455, 0.8440366972477065, 0.8518518518518519, 0.8504672897196262, 0.8584905660377359, 0.8571428571428571, 0.8653846153846154, 0.8737864077669902, 0.8725490196078431, 0.8811881188118812, 0.88, 0.8888888888888888, 0.8877551020408163, 0.8969072164948454, 0.90625, 0.9052631578947369, 0.9148936170212766, 0.9247311827956989, 0.9347826086956522, 0.9340659340659341, 0.9333333333333333, 0.9438202247191011, 0.9431818181818182, 0.9540229885057471, 0.9534883720930233, 0.9529411764705882, 0.9523809523809523, 0.963855421686747, 0.9634146341463414, 0.9753086419753086, 0.975, 0.9746835443037974, 0.9743589743589743, 0.974025974025974, 0.9736842105263158, 0.9866666666666667, 0.9864864864864865, 0.9863013698630136, 0.9861111111111112, 0.9859154929577465, 0.9857142857142858, 0.9855072463768116, 0.9852941176470589, 0.9850746268656716, 0.9848484848484849, 0.9846153846153847, 0.984375, 0.9841269841269841, 0.9838709677419355, 0.9836065573770492, 0.9833333333333333, 0.9830508474576272, 0.9827586206896551, 0.9824561403508771, 0.9821428571428571, 0.9818181818181818, 0.9814814814814815, 0.9811320754716981, 0.9807692307692307, 0.9803921568627451, 0.98, 0.9795918367346939, 0.9791666666666666, 0.9787234042553191, 0.9782608695652174, 0.9777777777777777, 0.9772727272727273, 0.9767441860465116, 0.9761904761904762, 0.975609756097561, 0.975, 0.9743589743589743, 0.9736842105263158, 0.972972972972973, 0.9722222222222222, 0.9714285714285714, 0.9705882352941176, 1.0, 1.0, 1.0, 1.0, 1.0, 1.0, 1.0, 1.0, 1.0, 1.0, 1.0, 1.0, 1.0, 1.0, 1.0, 1.0, 1.0, 1.0, 1.0, 1.0, 1.0, 1.0, 1.0, 1.0, 1.0, 1.0, 1.0, 1.0, 1.0, 1.0, 1.0, 1.0, 1.0, 1.0], "recall": [1.0, 0.9895833333333334, 0.9895833333333334, 0.9895833333333334, 0.9895833333333334, 0.9895833333333334, 0.9895833333333334, 0.9895833333333334, 0.9895833333333334, 0.9895833333333334, 0.9895833333333334, 0.9895833333333334, 0.9895833333333334, 0.9895833333333334, 0.9895833333333334, 0.9895833333333334, 0.9791666666666666, 0.9791666666666666, 0.9791666666666666, 0.9791666666666666, 0.9791666666666666, 0.9791666666666666, 0.9791666666666666, 0.9791666666666666, 0.9791666666666666, 0.9791666666666666, 0.9791666666666666, 0.96875, 0.96875, 0.96875, 0.96875, 0.96875, 0.96875, 0.96875, 0.96875, 0.96875, 0.96875, 0.96875, 0.96875, 0.96875, 0.96875, 0.96875, 0.96875, 0.96875, 0.9583333333333334, 0.9583333333333334, 0.9479166666666666, 0.9479166666666666, 0.9375, 0.9375, 0.9375, 0.9270833333333334, 0.9270833333333334, 0.9166666666666666, 0.9166666666666666, 0.90625, 0.90625, 0.90625, 0.8958333333333334, 0.8958333333333334, 0.8958333333333334, 0.8958333333333334, 0.8854166666666666, 0.875, 0.875, 0.8645833333333334, 0.8645833333333334, 0.8541666666666666, 0.84375, 0.8333333333333334, 0.8333333333333334, 0.8229166666666666, 0.8229166666666666, 0.8125, 0.8020833333333334, 0.7916666666666666, 0.78125, 0.7708333333333334, 0.7708333333333334, 0.7604166666666666, 0.75, 0.7395833333333334, 0.7291666666666666, 0.71875, 0.7083333333333334, 0.6979166666666666, 0.6875, 0.6770833333333334, 0.6666666666666666, 0.65625, 0.6458333333333334, 0.6354166666666666, 0.625, 0.6145833333333334, 0.6041666666666666, 0.59375, 0.5833333333333334, 0.5729166666666666, 0.5625, 0.5520833333333334, 0.5416666666666666, 0.53125, 0.5208333333333334, 0.5104166666666666, 0.5, 0.4895833333333333, 0.4791666666666667, 0.46875, 0.4583333333333333, 0.4479166666666667, 0.4375, 0.4270833333333333, 0.4166666666666667, 0.40625, 0.3958333333333333, 0.3854166666666667, 0.375, 0.3645833333333333, 0.3541666666666667, 0.34375, 0.34375, 0.3333333333333333, 0.3229166666666667, 0.3125, 0.3020833333333333, 0.2916666666666667, 0.28125, 0.2708333333333333, 0.2604166666666667, 0.25, 0.23958333333333334, 0.22916666666666666, 0.21875, 0.20833333333333334, 0.19791666666666666, 0.1875, 0.17708333333333334, 0.16666666666666666, 0.15625, 0.14583333333333334, 0.13541666666666666, 0.125, 0.11458333333333333, 0.10416666666666667, 0.09375, 0.08333333333333333, 0.07291666666666667, 0.0625, 0.052083333333333336, 0.041666666666666664, 0.03125, 0.020833333333333332, 0.010416666666666666, 0.0], "mean_train_gini": [0.9878014049743687, 0.9908866527434973, 0.9893194706994328, 0.9910680529300566, 0.9916115311909263, 0.989510157584963, 0.99036453389026, 0.9887996219281662, 0.9896266540642723, 0.9914933837429111, 0.9897712170115815, 0.9916223656730586, 0.9912334593572779, 0.9916587901701324, 0.9862240075614367, 0.989177900132903, 0.99252420732865, 0.992296786389414, 0.9868383742911153, 0.9882561436672969, 0.988845642680843, 0.9905781279665844, 0.9916351606805294, 0.9907136105860113, 0.9907372400756144, 0.9907442566926145, 0.9898424150370229, 0.9887996219281664, 0.9909262759924385, 0.9929584120982987, 0.9896288209606987, 0.9864723751661287, 0.9916824196597354, 0.9903355387523629, 0.9887759924385634, 0.9925242073286501, 0.9882760584773115, 0.9900756143667298, 0.9891540642722118, 0.9907372400756144, 0.9905306626162901, 0.9890829694323146, 0.9900283553875237, 0.9895321361058601, 0.9898865784499056, 0.9874216821720144, 0.9906967913423202, 0.9906190926275992, 0.9923440453686201, 0.9892249527410207],