{"test_gini": 0.8993506493506493, "test_ap": 0.962324153873843, "optimization_time": 0, "fpr": [0.0, 0.0, 0.0, 0.012987012987012988, 0.012987012987012988, 0.025974025974025976, 0.025974025974025976, 0.03896103896103896, 0.03896103896103896, 0.05194805194805195, 0.05194805194805195, 0.06493506493506493, 0.06493506493506493, 0.07792207792207792, 0.07792207792207792, 0.09090909090909091, 0.09090909090909091, 0.1038961038961039, 0.1038961038961039, 0.15584415584415584, 0.15584415584415584, 0.18181818181818182, 0.18181818181818182, 0.2597402597402597, 0.2597402597402597, 0.2727272727272727, 0.2727272727272727, 0.2987012987012987, 0.2987012987012987, 0.6103896103896104, 0.6103896103896104, 0.8181818181818182, 0.8441558441558441, 0.8571428571428571, 0.8571428571428571, 1.0], "tpr": [0.0, 0.010416666666666666, 0.4270833333333333, 0.4270833333333333, 0.6875, 0.6875, 0.71875, 0.71875, 0.7395833333333334, 0.7395833333333334, 0.75, 0.75, 0.8333333333333334, 0.8333333333333334, 0.8541666666666666, 0.8541666666666666, 0.8958333333333334, 0.8958333333333334, 0.90625, 0.90625, 0.9166666666666666, 0.9166666666666666, 0.9270833333333334, 0.9270833333333334, 0.9583333333333334, 0.9583333333333334, 0.96875, 0.96875, 0.9791666666666666, 0.9791666666666666, 0.9895833333333334, 0.9895833333333334, 0.9895833333333334, 0.9895833333333334, 1.0, 1.0], "precision": [0.5925925925925926, 0.5900621118012422, 0.59375, 0.6012658227848101, 0.6050955414012739, 0.6089743589743589, 0.6129032258064516, 0.6168831168831169, 0.6209150326797386, 0.625, 0.6291390728476821, 0.6333333333333333, 0.6375838926174496, 0.6418918918918919, 0.6462585034013606, 0.6506849315068494, 0.6551724137931034, 0.6597222222222222, 0.6643356643356644, 0.6690140845070423, 0.6666666666666666, 0.6714285714285714, 0.6762589928057554, 0.6811594202898551, 0.6861313868613139, 0.6911764705882353, 0.6962962962962963, 0.7014925373134329, 0.706766917293233, 0.7121212121212122, 0.7175572519083969, 0.7230769230769231, 0.7286821705426356, 0.734375, 0.7401574803149606, 0.746031746031746, 0.752, 0.7580645161290323, 0.7642276422764228, 0.7704918032786885, 0.7768595041322314, 0.7833333333333333, 0.7899159663865546, 0.7966101694915254, 0.8034188034188035, 0.8017241379310345, 0.808695652173913, 0.8157894736842105, 0.8141592920353983, 0.8214285714285714, 0.8198198198198198, 0.8181818181818182, 0.8165137614678899, 0.8240740740740741, 0.8317757009345794, 0.839622641509434, 0.8476190476190476, 0.8557692307692307, 0.8640776699029126, 0.8627450980392157, 0.8712871287128713, 0.88, 0.8787878787878788, 0.8877551020408163, 0.8969072164948454, 0.90625, 0.9157894736842105, 0.9148936170212766, 0.9247311827956989, 0.9239130434782609, 0.9230769230769231, 0.9222222222222223, 0.9213483146067416, 0.9318181818181818, 0.9310344827586207, 0.9302325581395349, 0.9411764705882353, 0.9404761904761905, 0.9397590361445783, 0.9390243902439024, 0.9382716049382716, 0.9375, 0.9367088607594937, 0.9358974358974359, 0.935064935064935, 0.9473684210526315, 0.9466666666666667, 0.9594594594594594, 0.958904109589041, 0.9583333333333334, 0.971830985915493, 0.9714285714285714, 0.9710144927536232, 0.9705882352941176, 0.9850746268656716, 0.9848484848484849, 0.9846153846153847, 0.984375, 0.9841269841269841, 0.9838709677419355, 0.9836065573770492, 0.9833333333333333, 0.9830508474576272, 0.9827586206896551, 0.9824561403508771, 0.9821428571428571, 0.9818181818181818, 0.9814814814814815, 0.9811320754716981, 0.9807692307692307, 0.9803921568627451, 0.98, 0.9795918367346939, 0.9791666666666666, 0.9787234042553191, 0.9782608695652174, 0.9777777777777777, 0.9772727272727273, 0.9767441860465116, 0.9761904761904762, 1.0, 1.0, 1.0, 1.0, 1.0, 1.0, 1.0, 1.0, 1.0, 1.0, 1.0, 1.0, 1.0, 1.0, 1.0, 1.0, 1.0, 1.0, 1.0, 1.0, 1.0, 1.0, 1.0, 1.0, 1.0, 1.0, 1.0, 1.0, 1.0, 1.0, 1.0, 1.0, 1.0, 1.0, 1.0, 1.0, 1.0, 1.0, 1.0, 1.0, 1.0, 1.0], "recall": [1.0, 0.9895833333333334, 0.9895833333333334, 0.9895833333333334, 0.9895833333333334, 0.9895833333333334, 0.9895833333333334, 0.9895833333333334, 0.9895833333333334, 0.9895833333333334, 0.9895833333333334, 0.9895833333333334, 0.9895833333333334, 0.9895833333333334, 0.9895833333333334, 0.9895833333333334, 0.9895833333333334, 0.9895833333333334, 0.9895833333333334, 0.9895833333333334, 0.9791666666666666, 0.9791666666666666, 0.9791666666666666, 0.9791666666666666, 0.9791666666666666, 0.9791666666666666, 0.9791666666666666, 0.9791666666666666, 0.9791666666666666, 0.9791666666666666, 0.9791666666666666, 0.9791666666666666, 0.9791666666666666, 0.9791666666666666, 0.9791666666666666, 0.9791666666666666, 0.9791666666666666, 0.9791666666666666, 0.9791666666666666, 0.9791666666666666, 0.9791666666666666, 0.9791666666666666, 0.9791666666666666, 0.9791666666666666, 0.9791666666666666, 0.96875, 0.96875, 0.96875, 0.9583333333333334, 0.9583333333333334, 0.9479166666666666, 0.9375, 0.9270833333333334, 0.9270833333333334, 0.9270833333333334, 0.9270833333333334, 0.9270833333333334, 0.9270833333333334, 0.9270833333333334, 0.9166666666666666, 0.9166666666666666, 0.9166666666666666, 0.90625, 0.90625, 0.90625, 0.90625, 0.90625, 0.8958333333333334, 0.8958333333333334, 0.8854166666666666, 0.875, 0.8645833333333334, 0.8541666666666666, 0.8541666666666666, 0.84375, 0.8333333333333334, 0.8333333333333334, 0.8229166666666666, 0.8125, 0.8020833333333334, 0.7916666666666666, 0.78125, 0.7708333333333334, 0.7604166666666666, 0.75, 0.75, 0.7395833333333334, 0.7395833333333334, 0.7291666666666666, 0.71875, 0.71875, 0.7083333333333334, 0.6979166666666666, 0.6875, 0.6875, 0.6770833333333334, 0.6666666666666666, 0.65625, 0.6458333333333334, 0.6354166666666666, 0.625, 0.6145833333333334, 0.6041666666666666, 0.59375, 0.5833333333333334, 0.5729166666666666, 0.5625, 0.5520833333333334, 0.5416666666666666, 0.53125, 0.5208333333333334, 0.5104166666666666, 0.5, 0.4895833333333333, 0.4791666666666667, 0.46875, 0.4583333333333333, 0.4479166666666667, 0.4375, 0.4270833333333333, 0.4270833333333333, 0.4166666666666667, 0.40625, 0.3958333333333333, 0.3854166666666667, 0.375, 0.3645833333333333, 0.3541666666666667, 0.34375, 0.3333333333333333, 0.3229166666666667, 0.3125, 0.3020833333333333, 0.2916666666666667, 0.28125, 0.2708333333333333, 0.2604166666666667, 0.25, 0.23958333333333334, 0.22916666666666666, 0.21875, 0.20833333333333334, 0.19791666666666666, 0.1875, 0.17708333333333334, 0.16666666666666666, 0.15625, 0.14583333333333334, 0.13541666666666666, 0.125, 0.11458333333333333, 0.10416666666666667, 0.09375, 0.08333333333333333, 0.07291666666666667, 0.0625, 0.052083333333333336, 0.041666666666666664, 0.03125, 0.020833333333333332, 0.010416666666666666, 0.0], "mean_train_gini": [0.9202107461553066, 0.9482627681792292, 0.932703213610586, 0.9401228733459358, 0.9391068052930057, 0.9333111828365294, 0.9366812227074235, 0.9449196597353497, 0.9376654064272212, 0.9352315689981098, 0.9369422821340422, 0.9389832921966964, 0.9431238185255199, 0.9482277882797733, 0.9237003780718337, 0.9402411239794948, 0.9454860451870134, 0.9382088846880907, 0.9273156899810964, 0.9325614366729678, 0.9353047275488894, 0.9318397569774065, 0.9426275992438564, 0.9345463137996219, 0.9410680529300568, 0.9408344408581735, 0.936064173153598, 0.9297495274102079, 0.9367438563327032, 0.9400756143667298, 0.9398851338522879, 0.9298224795898993, 0.9473771266540643, 0.9330103969754253, 0.9377599243856333, 0.9434925004746535, 0.9235570533510538, 0.9391304347826086, 0.9386578449905482, 0.9433364839319471, 0.9433026390734763, 0.932124549079172, 0.9372164461247637, 0.9306710775047259, 0.9430765595463139, 0.9342604898424149, 0.9382001139168407, 0.9343100189035916, 0.9428875236294896, 0.9347353497164461],