{"test_gini": 0.90625, "test_ap": 0.9609559486846231, "optimization_time": 60.46586561203003, "fpr": [0.0, 0.0, 0.0, 0.0, 0.012987012987012988, 0.05194805194805195, 0.15584415584415584, 0.2727272727272727, 0.4025974025974026, 0.5454545454545454, 0.7792207792207793, 1.0], "tpr": [0.0, 0.375, 0.4895833333333333, 0.59375, 0.7291666666666666, 0.84375, 0.90625, 0.9583333333333334, 0.96875, 0.9791666666666666, 0.9895833333333334, 1.0], "precision": [0.5549132947976878, 0.6129032258064516, 0.6911764705882353, 0.75, 0.8141592920353983, 0.8787878787878788, 0.9529411764705882, 0.9859154929577465, 1.0, 1.0, 1.0, 1.0], "recall": [1.0, 0.9895833333333334, 0.9791666666666666, 0.96875, 0.9583333333333334, 0.90625, 0.84375, 0.7291666666666666, 0.59375, 0.4895833333333333, 0.375, 0.0], "mean_train_gini": [0.9305700588570344, 0.9514192139737991, 0.9351252362948961, 0.9422140831758034, 0.9428284499054821, 0.9320889500664513, 0.9336553066261628, 0.9428284499054821, 0.9404418714555767, 0.9391304347826087, 0.9375949307005884, 0.9381289158913992, 0.9505907372400756, 0.9418005671077504, 0.9296550094517959, 0.9410005695842035, 0.9424957281184736, 0.9448487712665407, 0.9383270321361059, 0.9338256143667297, 0.9475863869375355, 0.9374644009872793, 0.9472117202268431, 0.9382088846880907, 0.9312381852551985, 0.9378559901272071, 0.9365744256692614, 0.9377953686200379, 0.9409380907372401, 0.9357159735349716, 0.9424601291057528, 0.9300479400037972, 0.9453449905482042, 0.9392367674858223, 0.9411153119092628, 0.9444062084678184, 0.9331925194607936, 0.9353615311909262, 0.9354324196597353, 0.939874763705104, 0.9441570153787735, 0.9319228213404215, 0.9404891304347825, 0.9362712665406427, 0.9448842155009451, 0.9353759255743307, 0.9390188912094172, 0.9423086011342156, 0.9420250472589793, 0.9448605860113422], "mean_test_gini": [0.9722638680659671, 0.8883058470764618, 0.9324942791762014, 0.9029366895499619, 0.9002669717772692, 0.910607196401799, 0.9076086956521741, 0.8834858886346302, 0.9067505720823797, 0.8863463005339435, 0.9319715142428785, 0.8999250374812594, 0.8743325705568268, 0.8728070175438596, 0.9668192219679634, 0.9312218890554722, 0.9023613193403297, 0.8960717009916094, 0.931350114416476, 0.9334477498093059, 0.8869940029985007, 0.9231634182908546, 0.8928299008390541, 0.9282990083905415, 0.9164759725400458, 0.8751874062968517, 0.9012368815592204, 0.9296338672768878, 0.9200991609458428, 0.9176201372997711, 0.8866191904047976, 0.9477136431784108, 0.8813882532418, 0.9050343249427918, 0.8918764302059498, 0.8716266866566718, 0.957271364317841, 0.9061784897025171, 0.8825324180015254, 0.9145690312738367, 0.8976761619190404, 0.9297226386806596, 0.8972158657513348, 0.936880244088482, 0.8865369946605643, 0.9390929535232383, 0.9184782608695653, 0.8926392067124331, 0.8766209000762776, 0.9057971014492752]}