{"objective": "binary:logistic", "eval_metric": "auc", "learning_rate": 0.0224091278336908, "max_depth": 4, "min_child_weight": 15, "gamma": 0.4466824410134913, "reg_alpha": 5.259216413382591, "reg_lambda": 0.02666329333744274, "subsample": 0.5280837828746587, "colsample_bytree": 0.4245121066221338, "colsample_bylevel": 0.8980941640144151, "colsample_bynode": 0.8902255509949913, "max_delta_step": 5, "scale_pos_weight": 5, "n_estimators": 88}