{"objective": "binary:logistic", "eval_metric": "auc", "learning_rate": 0.045934422783925594, "max_depth": 6, "min_child_weight": 17, "gamma": 0.5282732996555473, "reg_alpha": 6.80275090444281, "reg_lambda": 1.0339896945200966, "subsample": 0.4746765735873432, "colsample_bytree": 0.5443518298447005, "colsample_bylevel": 0.8225715456757081, "colsample_bynode": 0.6084787216336915, "max_delta_step": 8, "scale_pos_weight": 6, "n_estimators": 69}