{"test_gini": 0.5652571428571431, "test_ap": 0.5728759832766899, "optimization_time": 0, "fpr": [0.0, 0.005714285714285714, 0.005714285714285714, 0.011428571428571429, 0.011428571428571429, 0.02857142857142857, 0.02857142857142857, 0.04, 0.04, 0.05142857142857143, 0.05142857142857143, 0.05714285714285714, 0.05714285714285714, 0.06857142857142857, 0.06857142857142857, 0.07428571428571429, 0.07428571428571429, 0.08, 0.08, 0.10857142857142857, 0.10857142857142857, 0.11428571428571428, 0.11428571428571428, 0.13142857142857142, 0.13142857142857142, 0.13714285714285715, 0.13714285714285715, 0.14285714285714285, 0.14285714285714285, 0.14857142857142858, 0.14857142857142858, 0.15428571428571428, 0.15428571428571428, 0.16, 0.16, 0.1657142857142857, 0.1657142857142857, 0.17714285714285713, 0.17714285714285713, 0.18285714285714286, 0.18285714285714286, 0.19428571428571428, 0.19428571428571428, 0.2057142857142857, 0.2057142857142857, 0.22285714285714286, 0.22285714285714286, 0.22857142857142856, 0.22857142857142856, 0.24, 0.24, 0.2742857142857143, 0.2742857142857143, 0.28, 0.28, 0.2914285714285714, 0.2914285714285714, 0.29714285714285715, 0.29714285714285715, 0.32, 0.32, 0.3485714285714286, 0.3485714285714286, 0.37714285714285717, 0.37714285714285717, 0.46285714285714286, 0.46285714285714286, 0.49142857142857144, 0.49142857142857144, 0.5085714285714286, 0.5085714285714286, 0.6171428571428571, 0.6171428571428571, 0.64, 0.64, 0.6914285714285714, 0.6914285714285714, 0.72, 0.72, 0.8571428571428571, 0.8571428571428571, 0.9714285714285714, 0.9714285714285714, 1.0], "tpr": [0.0, 0.0, 0.09333333333333334, 0.09333333333333334, 0.12, 0.12, 0.18666666666666668, 0.18666666666666668, 0.2, 0.2, 0.21333333333333335, 0.21333333333333335, 0.22666666666666666, 0.22666666666666666, 0.24, 0.24, 0.26666666666666666, 0.26666666666666666, 0.30666666666666664, 0.30666666666666664, 0.32, 0.32, 0.3333333333333333, 0.3333333333333333, 0.4, 0.4, 0.41333333333333333, 0.41333333333333333, 0.4666666666666667, 0.4666666666666667, 0.49333333333333335, 0.49333333333333335, 0.5066666666666667, 0.5066666666666667, 0.52, 0.52, 0.5333333333333333, 0.5333333333333333, 0.5466666666666666, 0.5466666666666666, 0.5866666666666667, 0.5866666666666667, 0.6, 0.6, 0.6133333333333333, 0.6133333333333333, 0.6533333333333333, 0.6533333333333333, 0.6666666666666666, 0.6666666666666666, 0.68, 0.68, 0.6933333333333334, 0.6933333333333334, 0.7333333333333333, 0.7333333333333333, 0.7733333333333333, 0.7733333333333333, 0.8, 0.8, 0.8266666666666667, 0.8266666666666667, 0.84, 0.84, 0.8533333333333334, 0.8533333333333334, 0.88, 0.88, 0.9066666666666666, 0.9066666666666666, 0.92, 0.92, 0.9333333333333333, 0.9333333333333333, 0.9466666666666667, 0.9466666666666667, 0.96, 0.96, 0.9733333333333334, 0.9733333333333334, 0.9866666666666667, 0.9866666666666667, 1.0, 1.0], "precision": [0.30612244897959184, 0.30327868852459017, 0.3045267489711934, 0.30578512396694213, 0.3070539419087137, 0.30833333333333335, 0.30962343096234307, 0.31092436974789917, 0.31223628691983124, 0.3135593220338983, 0.3148936170212766, 0.3162393162393162, 0.31759656652360513, 0.31896551724137934, 0.3203463203463203, 0.3217391304347826, 0.3231441048034934, 0.32456140350877194, 0.32599118942731276, 0.3274336283185841, 0.3288888888888889, 0.33035714285714285, 0.3273542600896861, 0.32882882882882886, 0.33031674208144796, 0.33181818181818185, 0.3333333333333333, 0.3348623853211009, 0.33640552995391704, 0.33796296296296297, 0.3395348837209302, 0.3411214953271028, 0.3427230046948357, 0.3443396226415094, 0.3459715639810427, 0.3476190476190476, 0.3492822966507177, 0.35096153846153844, 0.3526570048309179, 0.35436893203883496, 0.35609756097560974, 0.35784313725490197, 0.35960591133004927, 0.3613861386138614, 0.36318407960199006, 0.365, 0.36683417085427134, 0.36363636363636365, 0.36548223350253806, 0.3673469387755102, 0.36923076923076925, 0.3711340206185567, 0.37305699481865284, 0.3697916666666667, 0.3717277486910995, 0.3736842105263158, 0.37566137566137564, 0.3776595744680851, 0.37967914438502676, 0.3817204301075269, 0.3837837837837838, 0.3858695652173913, 0.3879781420765027, 0.38461538461538464, 0.3867403314917127, 0.3888888888888889, 0.39106145251396646, 0.39325842696629215, 0.3898305084745763, 0.39204545454545453, 0.3942857142857143, 0.39655172413793105, 0.3988439306358382, 0.4011627906976744, 0.40350877192982454, 0.40588235294117647, 0.40828402366863903, 0.4107142857142857, 0.41317365269461076, 0.41566265060240964, 0.41818181818181815, 0.42073170731707316, 0.4233128834355828, 0.42592592592592593, 0.42857142857142855, 0.43125, 0.4339622641509434, 0.43670886075949367, 0.43312101910828027, 0.4358974358974359, 0.43870967741935485, 0.44155844155844154, 0.43790849673202614, 0.4342105263157895, 0.4370860927152318, 0.44, 0.4429530201342282, 0.44594594594594594, 0.4489795918367347, 0.4452054794520548, 0.4413793103448276, 0.4444444444444444, 0.44755244755244755, 0.4507042253521127, 0.45390070921985815, 0.45714285714285713, 0.460431654676259, 0.463768115942029, 0.46715328467153283, 0.47058823529411764, 0.4740740740740741, 0.47761194029850745, 0.48120300751879697, 0.48484848484848486, 0.48854961832061067, 0.49230769230769234, 0.4883720930232558, 0.4921875, 0.49606299212598426, 0.5, 0.504, 0.5080645161290323, 0.5040650406504065, 0.5081967213114754, 0.512396694214876, 0.5166666666666667, 0.5210084033613446, 0.5254237288135594, 0.5213675213675214, 0.5172413793103449, 0.5217391304347826, 0.5263157894736842, 0.5309734513274337, 0.5357142857142857, 0.5315315315315315, 0.5272727272727272, 0.5321100917431193, 0.5277777777777778, 0.5233644859813084, 0.5188679245283019, 0.5238095238095238, 0.5288461538461539, 0.5242718446601942, 0.5196078431372549, 0.5148514851485149, 0.52, 0.5151515151515151, 0.5204081632653061, 0.5257731958762887, 0.53125, 0.5368421052631579, 0.5425531914893617, 0.5483870967741935, 0.5434782608695652, 0.5494505494505495, 0.5555555555555556, 0.550561797752809, 0.5568181818181818, 0.5517241379310345, 0.5465116279069767, 0.5411764705882353, 0.5476190476190477, 0.5542168674698795, 0.5609756097560976, 0.5555555555555556, 0.5625, 0.569620253164557, 0.5641025641025641, 0.5714285714285714, 0.5789473684210527, 0.5733333333333334, 0.5675675675675675, 0.5616438356164384, 0.5694444444444444, 0.5633802816901409, 0.5714285714285714, 0.5797101449275363, 0.5735294117647058, 0.582089552238806, 0.5757575757575758, 0.5846153846153846, 0.578125, 0.5873015873015873, 0.5806451612903226, 0.5737704918032787, 0.5833333333333334, 0.576271186440678, 0.5689655172413793, 0.5614035087719298, 0.5535714285714286, 0.5636363636363636, 0.5555555555555556, 0.5660377358490566, 0.5576923076923077, 0.5490196078431373, 0.54, 0.5306122448979592, 0.5208333333333334, 0.5319148936170213, 0.5434782608695652, 0.5555555555555556, 0.5454545454545454, 0.5581395348837209, 0.5476190476190477, 0.5609756097560976, 0.575, 0.5897435897435898, 0.6052631578947368, 0.6216216216216216, 0.6111111111111112, 0.6, 0.5882352941176471, 0.6060606060606061, 0.59375, 0.5806451612903226, 0.6, 0.5862068965517241, 0.6071428571428571, 0.6296296296296297, 0.6153846153846154, 0.64, 0.625, 0.6521739130434783, 0.6818181818181818, 0.6666666666666666, 0.7, 0.7368421052631579, 0.7222222222222222, 0.7058823529411765, 0.6875, 0.6666666666666666, 0.6428571428571429, 0.6923076923076923, 0.75, 0.8181818181818182, 0.8, 0.7777777777777778, 0.875, 0.8571428571428571, 0.8333333333333334, 0.8, 0.75, 0.6666666666666666, 0.5, 0.0, 1.0],