{"test_gini": 0.5849142857142857, "test_ap": 0.6367290067575733, "optimization_time": 640.5234477519989, "fpr": [0.0, 0.0, 0.0, 0.005714285714285714, 0.005714285714285714, 0.011428571428571429, 0.011428571428571429, 0.017142857142857144, 0.017142857142857144, 0.022857142857142857, 0.022857142857142857, 0.02857142857142857, 0.02857142857142857, 0.03428571428571429, 0.03428571428571429, 0.04, 0.04, 0.06285714285714286, 0.06285714285714286, 0.07428571428571429, 0.07428571428571429, 0.08571428571428572, 0.08571428571428572, 0.09142857142857143, 0.09142857142857143, 0.09714285714285714, 0.09714285714285714, 0.11428571428571428, 0.11428571428571428, 0.12571428571428572, 0.12571428571428572, 0.13714285714285715, 0.13714285714285715, 0.14285714285714285, 0.14285714285714285, 0.15428571428571428, 0.15428571428571428, 0.18285714285714286, 0.18285714285714286, 0.19428571428571428, 0.19428571428571428, 0.2, 0.2, 0.25142857142857145, 0.25142857142857145, 0.2571428571428571, 0.2571428571428571, 0.26857142857142857, 0.26857142857142857, 0.29714285714285715, 0.29714285714285715, 0.30857142857142855, 0.30857142857142855, 0.34285714285714286, 0.34285714285714286, 0.3942857142857143, 0.3942857142857143, 0.44571428571428573, 0.44571428571428573, 0.5371428571428571, 0.5371428571428571, 0.5428571428571428, 0.5428571428571428, 0.5542857142857143, 0.5542857142857143, 0.5828571428571429, 0.5828571428571429, 0.6, 0.6, 0.7257142857142858, 0.7257142857142858, 0.7657142857142857, 0.7657142857142857, 0.7885714285714286, 0.7885714285714286, 0.8342857142857143, 0.8342857142857143, 1.0], "tpr": [0.0, 0.013333333333333334, 0.08, 0.08, 0.12, 0.12, 0.16, 0.16, 0.17333333333333334, 0.17333333333333334, 0.2, 0.2, 0.22666666666666666, 0.22666666666666666, 0.25333333333333335, 0.25333333333333335, 0.30666666666666664, 0.30666666666666664, 0.3333333333333333, 0.3333333333333333, 0.3466666666666667, 0.3466666666666667, 0.37333333333333335, 0.37333333333333335, 0.4, 0.4, 0.41333333333333333, 0.41333333333333333, 0.4533333333333333, 0.4533333333333333, 0.52, 0.52, 0.5466666666666666, 0.5466666666666666, 0.56, 0.56, 0.5733333333333334, 0.5733333333333334, 0.5866666666666667, 0.5866666666666667, 0.6, 0.6, 0.6133333333333333, 0.6133333333333333, 0.68, 0.68, 0.7066666666666667, 0.7066666666666667, 0.76, 0.76, 0.7866666666666666, 0.7866666666666666, 0.8, 0.8, 0.8133333333333334, 0.8133333333333334, 0.8266666666666667, 0.8266666666666667, 0.8533333333333334, 0.8533333333333334, 0.8666666666666667, 0.8666666666666667, 0.9066666666666666, 0.9066666666666666, 0.92, 0.92, 0.9333333333333333, 0.9333333333333333, 0.9466666666666667, 0.9466666666666667, 0.96, 0.96, 0.9733333333333334, 0.9733333333333334, 0.9866666666666667, 0.9866666666666667, 1.0, 1.0], "precision": [0.3393665158371041, 0.33636363636363636, 0.3378995433789954, 0.3394495412844037, 0.34101382488479265, 0.3425925925925926, 0.34418604651162793, 0.34579439252336447, 0.3474178403755869, 0.3490566037735849, 0.3459715639810427, 0.3476190476190476, 0.3492822966507177, 0.35096153846153844, 0.3526570048309179, 0.34951456310679613, 0.35121951219512193, 0.35294117647058826, 0.35467980295566504, 0.3564356435643564, 0.3582089552238806, 0.36, 0.36180904522613067, 0.35858585858585856, 0.3604060913705584, 0.3622448979591837, 0.3641025641025641, 0.36597938144329895, 0.36787564766839376, 0.3697916666666667, 0.3717277486910995, 0.3736842105263158, 0.37566137566137564, 0.3776595744680851, 0.37967914438502676, 0.3817204301075269, 0.3837837837837838, 0.3858695652173913, 0.3879781420765027, 0.3901098901098901, 0.39226519337016574, 0.39444444444444443, 0.39664804469273746, 0.398876404494382, 0.4011299435028249, 0.4034090909090909, 0.4, 0.40229885057471265, 0.4046242774566474, 0.4069767441860465, 0.40350877192982454, 0.40588235294117647, 0.40828402366863903, 0.4107142857142857, 0.41317365269461076, 0.41566265060240964, 0.4121212121212121, 0.4146341463414634, 0.4171779141104294, 0.41358024691358025, 0.40993788819875776, 0.40625, 0.4088050314465409, 0.4050632911392405, 0.40764331210191085, 0.41025641025641024, 0.4129032258064516, 0.4155844155844156, 0.41830065359477125, 0.42105263157894735, 0.423841059602649, 0.4266666666666667, 0.42953020134228187, 0.43243243243243246, 0.43537414965986393, 0.4383561643835616, 0.4413793103448276, 0.4444444444444444, 0.44755244755244755, 0.4507042253521127, 0.44680851063829785, 0.44285714285714284, 0.4460431654676259, 0.4492753623188406, 0.45255474452554745, 0.45588235294117646, 0.45925925925925926, 0.4626865671641791, 0.46616541353383456, 0.4696969696969697, 0.4732824427480916, 0.46923076923076923, 0.4728682170542636, 0.4765625, 0.48031496062992124, 0.48412698412698413, 0.488, 0.49193548387096775, 0.4959349593495935, 0.5, 0.5041322314049587, 0.5, 0.5042016806722689, 0.5084745762711864, 0.5128205128205128, 0.5172413793103449, 0.5217391304347826, 0.5263157894736842, 0.5221238938053098, 0.5267857142857143, 0.5315315315315315, 0.5272727272727272, 0.5229357798165137, 0.5277777777777778, 0.5327102803738317, 0.5377358490566038, 0.5428571428571428, 0.5480769230769231, 0.5436893203883495, 0.5392156862745098, 0.5346534653465347, 0.53, 0.5353535353535354, 0.5408163265306123, 0.5360824742268041, 0.53125, 0.5368421052631579, 0.5319148936170213, 0.5268817204301075, 0.5217391304347826, 0.5164835164835165, 0.5111111111111111, 0.5168539325842697, 0.5227272727272727, 0.5287356321839081, 0.5348837209302325, 0.5411764705882353, 0.5476190476190477, 0.5542168674698795, 0.5609756097560976, 0.5679012345679012, 0.5625, 0.569620253164557, 0.5641025641025641, 0.5714285714285714, 0.5789473684210527, 0.5733333333333334, 0.581081081081081, 0.589041095890411, 0.5972222222222222, 0.6056338028169014, 0.6142857142857143, 0.6086956521739131, 0.6176470588235294, 0.6268656716417911, 0.6212121212121212, 0.6307692307692307, 0.625, 0.6190476190476191, 0.6290322580645161, 0.639344262295082, 0.6333333333333333, 0.6271186440677966, 0.6206896551724138, 0.6140350877192983, 0.6071428571428571, 0.6181818181818182, 0.6296296296296297, 0.6226415094339622, 0.6153846153846154, 0.6078431372549019, 0.62, 0.6326530612244898, 0.6458333333333334, 0.6382978723404256, 0.6521739130434783, 0.6444444444444445, 0.6363636363636364, 0.6511627906976745, 0.6428571428571429, 0.6341463414634146, 0.65, 0.6666666666666666, 0.6578947368421053, 0.6756756756756757, 0.6944444444444444, 0.6857142857142857, 0.6764705882352942, 0.696969696969697, 0.71875, 0.7419354838709677, 0.7666666666666667, 0.7586206896551724, 0.75, 0.7407407407407407, 0.7307692307692307, 0.76, 0.75, 0.7391304347826086, 0.7727272727272727, 0.7619047619047619, 0.75, 0.7894736842105263, 0.7777777777777778, 0.7647058823529411, 0.8125, 0.8, 0.8571428571428571, 0.8461538461538461, 0.8333333333333334, 0.8181818181818182, 0.9, 0.8888888888888888, 0.875, 0.8571428571428571, 1.0, 1.0, 1.0, 1.0, 1.0, 1.0, 1.0],