{"test_gini": 0.5931428571428572, "test_ap": 0.6272236692169726, "optimization_time": 1997.9891662597656, "fpr": [0.0, 0.0, 0.0, 0.005714285714285714, 0.005714285714285714, 0.011428571428571429, 0.011428571428571429, 0.022857142857142857, 0.022857142857142857, 0.02857142857142857, 0.02857142857142857, 0.03428571428571429, 0.03428571428571429, 0.04, 0.04, 0.045714285714285714, 0.045714285714285714, 0.05714285714285714, 0.05714285714285714, 0.06285714285714286, 0.06285714285714286, 0.08, 0.08, 0.08571428571428572, 0.08571428571428572, 0.09142857142857143, 0.09142857142857143, 0.09714285714285714, 0.09714285714285714, 0.10857142857142857, 0.10857142857142857, 0.12571428571428572, 0.12571428571428572, 0.13142857142857142, 0.13142857142857142, 0.13714285714285715, 0.13714285714285715, 0.14285714285714285, 0.14285714285714285, 0.1657142857142857, 0.1657142857142857, 0.17714285714285713, 0.17714285714285713, 0.19428571428571428, 0.19428571428571428, 0.22857142857142856, 0.22857142857142856, 0.2571428571428571, 0.2571428571428571, 0.26857142857142857, 0.26857142857142857, 0.2742857142857143, 0.2742857142857143, 0.2857142857142857, 0.2857142857142857, 0.30857142857142855, 0.30857142857142855, 0.32571428571428573, 0.32571428571428573, 0.3485714285714286, 0.3485714285714286, 0.35428571428571426, 0.35428571428571426, 0.46285714285714286, 0.46285714285714286, 0.4857142857142857, 0.4857142857142857, 0.5257142857142857, 0.5257142857142857, 0.5314285714285715, 0.5314285714285715, 0.5485714285714286, 0.5485714285714286, 0.6571428571428571, 0.6571428571428571, 0.7371428571428571, 0.7371428571428571, 0.7942857142857143, 0.7942857142857143, 0.8628571428571429, 0.8628571428571429, 1.0], "tpr": [0.0, 0.013333333333333334, 0.06666666666666667, 0.06666666666666667, 0.09333333333333334, 0.09333333333333334, 0.14666666666666667, 0.14666666666666667, 0.17333333333333334, 0.17333333333333334, 0.2, 0.2, 0.21333333333333335, 0.21333333333333335, 0.25333333333333335, 0.25333333333333335, 0.26666666666666666, 0.26666666666666666, 0.28, 0.28, 0.29333333333333333, 0.29333333333333333, 0.3333333333333333, 0.3333333333333333, 0.38666666666666666, 0.38666666666666666, 0.4266666666666667, 0.4266666666666667, 0.4533333333333333, 0.4533333333333333, 0.4666666666666667, 0.4666666666666667, 0.49333333333333335, 0.49333333333333335, 0.5066666666666667, 0.5066666666666667, 0.5333333333333333, 0.5333333333333333, 0.5866666666666667, 0.5866666666666667, 0.6, 0.6, 0.6266666666666667, 0.6266666666666667, 0.64, 0.64, 0.6533333333333333, 0.6533333333333333, 0.68, 0.68, 0.6933333333333334, 0.6933333333333334, 0.7066666666666667, 0.7066666666666667, 0.7466666666666667, 0.7466666666666667, 0.76, 0.76, 0.8, 0.8, 0.8133333333333334, 0.8133333333333334, 0.8266666666666667, 0.8266666666666667, 0.8666666666666667, 0.8666666666666667, 0.8933333333333333, 0.8933333333333333, 0.92, 0.92, 0.9333333333333333, 0.9333333333333333, 0.9466666666666667, 0.9466666666666667, 0.96, 0.96, 0.9733333333333334, 0.9733333333333334, 0.9866666666666667, 0.9866666666666667, 1.0, 1.0], "precision": [0.33185840707964603, 0.3288888888888889, 0.33035714285714285, 0.33183856502242154, 0.3333333333333333, 0.334841628959276, 0.33636363636363636, 0.3378995433789954, 0.3394495412844037, 0.34101382488479265, 0.3425925925925926, 0.34418604651162793, 0.34579439252336447, 0.3474178403755869, 0.3443396226415094, 0.3459715639810427, 0.3476190476190476, 0.3492822966507177, 0.35096153846153844, 0.3526570048309179, 0.35436893203883496, 0.35609756097560974, 0.35784313725490197, 0.35960591133004927, 0.3613861386138614, 0.3582089552238806, 0.36, 0.36180904522613067, 0.36363636363636365, 0.36548223350253806, 0.3673469387755102, 0.36923076923076925, 0.3711340206185567, 0.37305699481865284, 0.375, 0.3769633507853403, 0.37894736842105264, 0.38095238095238093, 0.3829787234042553, 0.3850267379679144, 0.3817204301075269, 0.3837837837837838, 0.3858695652173913, 0.3879781420765027, 0.3901098901098901, 0.39226519337016574, 0.39444444444444443, 0.39664804469273746, 0.398876404494382, 0.4011299435028249, 0.4034090909090909, 0.4057142857142857, 0.40804597701149425, 0.41040462427745666, 0.4127906976744186, 0.4152046783625731, 0.4176470588235294, 0.42011834319526625, 0.4226190476190476, 0.4251497005988024, 0.42168674698795183, 0.42424242424242425, 0.4268292682926829, 0.4294478527607362, 0.42592592592592593, 0.42857142857142855, 0.425, 0.42138364779874216, 0.4240506329113924, 0.4267515923566879, 0.42948717948717946, 0.432258064516129, 0.43506493506493504, 0.43790849673202614, 0.4407894736842105, 0.4370860927152318, 0.43333333333333335, 0.436241610738255, 0.4391891891891892, 0.4421768707482993, 0.4452054794520548, 0.4413793103448276, 0.4375, 0.43356643356643354, 0.43661971830985913, 0.4397163120567376, 0.44285714285714284, 0.4460431654676259, 0.4492753623188406, 0.45255474452554745, 0.45588235294117646, 0.45925925925925926, 0.4626865671641791, 0.46616541353383456, 0.4696969696969697, 0.4732824427480916, 0.47692307692307695, 0.4806201550387597, 0.484375, 0.4881889763779528, 0.49206349206349204, 0.496, 0.5, 0.4959349593495935, 0.5, 0.49586776859504134, 0.5, 0.5042016806722689, 0.5084745762711864, 0.5128205128205128, 0.5086206896551724, 0.5043478260869565, 0.5, 0.504424778761062, 0.5089285714285714, 0.5135135135135135, 0.509090909090909, 0.5137614678899083, 0.5185185185185185, 0.5233644859813084, 0.5283018867924528, 0.5238095238095238, 0.5192307692307693, 0.5145631067961165, 0.5196078431372549, 0.5247524752475248, 0.52, 0.5252525252525253, 0.5204081632653061, 0.5257731958762887, 0.53125, 0.5263157894736842, 0.5212765957446809, 0.5268817204301075, 0.532608695652174, 0.5384615384615384, 0.5444444444444444, 0.550561797752809, 0.5454545454545454, 0.5517241379310345, 0.5581395348837209, 0.5647058823529412, 0.5714285714285714, 0.5783132530120482, 0.5853658536585366, 0.5802469135802469, 0.5875, 0.5949367088607594, 0.6025641025641025, 0.5974025974025974, 0.5921052631578947, 0.6, 0.6081081081081081, 0.6027397260273972, 0.6111111111111112, 0.6197183098591549, 0.6285714285714286, 0.6376811594202898, 0.6323529411764706, 0.6268656716417911, 0.6212121212121212, 0.6153846153846154, 0.625, 0.6190476190476191, 0.6129032258064516, 0.6229508196721312, 0.6166666666666667, 0.6271186440677966, 0.6206896551724138, 0.6140350877192983, 0.625, 0.6363636363636364, 0.6481481481481481, 0.6415094339622641, 0.6538461538461539, 0.6666666666666666, 0.66, 0.6530612244897959, 0.6666666666666666, 0.6595744680851063, 0.6521739130434783, 0.6444444444444445, 0.6590909090909091, 0.6511627906976745, 0.6428571428571429, 0.6341463414634146, 0.625, 0.6410256410256411, 0.631578947368421, 0.6216216216216216, 0.6111111111111112, 0.6285714285714286, 0.6470588235294118, 0.6666666666666666, 0.65625, 0.6774193548387096, 0.6666666666666666, 0.6896551724137931, 0.7142857142857143, 0.7037037037037037, 0.7307692307692307, 0.72, 0.7083333333333334, 0.6956521739130435, 0.7272727272727273, 0.7142857142857143, 0.75, 0.7368421052631579, 0.7222222222222222, 0.7647058823529411, 0.75, 0.7333333333333333, 0.7857142857142857, 0.8461538461538461, 0.8333333333333334, 0.8181818181818182, 0.8, 0.7777777777777778, 0.875, 0.8571428571428571, 0.8333333333333334, 1.0, 1.0, 1.0, 1.0, 1.0, 1.0],