{"test_gini": 0.36624761904761916, "test_ap": 0.44723658923916987, "optimization_time": 69.60823321342468, "fpr": [0.0, 0.022857142857142857, 0.07428571428571429, 0.11428571428571428, 0.14857142857142858, 0.19428571428571428, 0.3314285714285714, 0.4, 0.41714285714285715, 0.4685714285714286, 0.49142857142857144, 0.5257142857142857, 0.5885714285714285, 0.6342857142857142, 0.6685714285714286, 0.7028571428571428, 0.72, 0.72, 0.76, 0.9657142857142857, 1.0], "tpr": [0.0, 0.06666666666666667, 0.18666666666666668, 0.25333333333333335, 0.3466666666666667, 0.3466666666666667, 0.6533333333333333, 0.7066666666666667, 0.72, 0.7333333333333333, 0.76, 0.76, 0.8266666666666667, 0.8266666666666667, 0.8266666666666667, 0.8533333333333334, 0.8933333333333333, 0.9066666666666666, 0.96, 1.0, 1.0], "precision": [0.3073770491803279, 0.35121951219512193, 0.35051546391752575, 0.3471502590673575, 0.3422459893048128, 0.3463687150837989, 0.3583815028901734, 0.37575757575757573, 0.3825503355704698, 0.3986013986013986, 0.40145985401459855, 0.4251968503937008, 0.43089430894308944, 0.45794392523364486, 0.43333333333333335, 0.5, 0.48717948717948717, 0.5185185185185185, 0.5555555555555556, 1.0], "recall": [1.0, 0.96, 0.9066666666666666, 0.8933333333333333, 0.8533333333333334, 0.8266666666666667, 0.8266666666666667, 0.8266666666666667, 0.76, 0.76, 0.7333333333333333, 0.72, 0.7066666666666667, 0.6533333333333333, 0.3466666666666667, 0.3466666666666667, 0.25333333333333335, 0.18666666666666668, 0.06666666666666667, 0.0], "mean_train_gini": [0.8221693121693121, 0.8251984126984127, 0.8627513227513227, 0.8160515873015874, 0.8398015873015874, 0.8334589947089948, 0.8379960317460318, 0.8448809523809523, 0.852308201058201, 0.8606878306878307, 0.8420833333333333, 0.8345701058201058, 0.8178240740740741, 0.8618320105820106, 0.8413624338624338, 0.8444973544973545, 0.8378505291005292, 0.8591005291005291, 0.8360251322751323, 0.8400859788359788, 0.835, 0.8173875661375662, 0.8404232804232804, 0.8541534391534392, 0.8431481481481482, 0.8539880952380952, 0.8373346560846562, 0.8200198412698413, 0.8447552910052911, 0.8384589947089948, 0.8527182539682541, 0.8253703703703703, 0.8327116402116402, 0.8506084656084657, 0.8493518518518519, 0.8508928571428571, 0.8589021164021164, 0.8232341269841269, 0.8547817460317461, 0.8231084656084656, 0.8398082010582011, 0.8569378306878307, 0.8388227513227513, 0.8401455026455027, 0.8361640211640212, 0.8485912698412698, 0.8500992063492063, 0.829484126984127, 0.8373875661375662, 0.8115343915343916], "mean_test_gini": [0.7428571428571429, 0.7395767195767196, 0.68, 0.764021164021164, 0.7050793650793651, 0.7341798941798943, 0.6443386243386243, 0.6475132275132275, 0.7486772486772487, 0.6571428571428571, 0.6369312169312169, 0.7522751322751323, 0.8082539682539682, 0.5873015873015873, 0.6960846560846561, 0.6955555555555556, 0.726984126984127, 0.6047619047619048, 0.7479365079365079, 0.7105820105820105, 0.6874074074074075, 0.7112169312169312, 0.7411640211640211, 0.6664550264550264, 0.7073015873015873, 0.5913227513227512, 0.6528042328042328, 0.7205291005291006, 0.7038095238095238, 0.6972486772486772, 0.7114285714285714, 0.6313227513227514, 0.8121693121693122, 0.6712169312169312, 0.6210582010582011, 0.7125925925925926, 0.5807407407407408, 0.7386243386243386, 0.6647619047619049, 0.7328042328042328, 0.6635978835978836, 0.642962962962963, 0.713015873015873, 0.6458201058201058, 0.697883597883598, 0.6978835978835978, 0.5879365079365079, 0.7187301587301587, 0.597989417989418, 0.7474074074074073]}