{"test_gini": 0.6654772955828885, "test_ap": 0.3945124041232525, "optimization_time": 188.28139281272888, "fpr": [0.0, 0.0007993605115907274, 0.0007993605115907274, 0.002797761790567546, 0.013589128697042365, 0.10471622701838529, 0.1111111111111111, 0.12030375699440447, 0.2190247801758593, 0.2214228617106315, 0.27817745803357313, 0.31454836131095126, 0.44204636290967225, 0.5723421262989609, 1.0], "tpr": [0.0, 0.22580645161290322, 0.2661290322580645, 0.29838709677419356, 0.31451612903225806, 0.6048387096774194, 0.6129032258064516, 0.6209677419354839, 0.8064516129032258, 0.8145161290322581, 0.8145161290322581, 0.8306451612903226, 0.8709677419354839, 0.8951612903225806, 1.0], "precision": [0.04722010662604722, 0.07193778353856124, 0.08896210873146623, 0.11573033707865168, 0.12672521957340024, 0.15419847328244274, 0.15432098765432098, 0.2037037037037037, 0.21468926553672316, 0.22255192878338279, 0.5342465753424658, 0.8409090909090909, 0.9428571428571428, 0.9333333333333333, 1.0], "recall": [1.0, 0.8951612903225806, 0.8709677419354839, 0.8306451612903226, 0.8145161290322581, 0.8145161290322581, 0.8064516129032258, 0.6209677419354839, 0.6129032258064516, 0.6048387096774194, 0.31451612903225806, 0.29838709677419356, 0.2661290322580645, 0.22580645161290322, 0.0], "mean_train_gini": [0.8919169337801414, 0.9040075054225998, 0.9066632179839728, 0.89229446304918, 0.9002712434316207, 0.8880251966926496, 0.9003795819833555, 0.906854937515315, 0.8965656111882527, 0.9053001942152885, 0.9032102562468127, 0.9041742673818145, 0.9028526504941599, 0.9104601722526251, 0.893533833392324, 0.9057645288482552, 0.9018316589071307, 0.8932859593236951, 0.9039678001942153, 0.9004918910579288, 0.8880912162162163, 0.901394334177353, 0.9107579614655087, 0.9006144100483724, 0.9007709620917168, 0.8922555684053325, 0.8998724894951311, 0.9063053037109641, 0.9085940265185548, 0.902494169003603, 0.8986788127413127, 0.9038883897374463, 0.8884022162324049, 0.8985968172288927, 0.9012525297902656, 0.8966390371166314, 0.9061759781099403, 0.9021475990815613, 0.9035361476399212, 0.899914463593709, 0.9032421277409485, 0.9103002169039905, 0.8997857052102336, 0.8990908637135053, 0.8916183397315474, 0.9031459441247177, 0.9089768983636908, 0.9003302340566491, 0.8921571964024795, 0.8926245836623196], "mean_test_gini": [0.8579155435759209, 0.8395953230858891, 0.8715760909157135, 0.8475267720550739, 0.7982716544037299, 0.8235040431266847, 0.8453504043126684, 0.8093629343629343, 0.7901854010344577, 0.8109200845049902, 0.840754716981132, 0.8227216434763605, 0.8199260581336052, 0.7626484301012603, 0.8203085160632331, 0.7975471698113208, 0.8259725358781963, 0.8120947767174183, 0.7700972535878197, 0.8295057186566621, 0.8429469901168015, 0.848136883514242, 0.8387393458148176, 0.8103828221752751, 0.7931540030596634, 0.8326774483378256, 0.8600021854738836, 0.801914110876375, 0.8237415312887011, 0.758723683251985, 0.8080772686433064, 0.7983171851096379, 0.806266846361186, 0.8709204487506376, 0.8199989072630582, 0.820377358490566, 0.7913418809645225, 0.8364810228017775, 0.8014405915349312, 0.8484282800320536, 0.8663522012578617, 0.7869436147738034, 0.8389669993443578, 0.8087437167625846, 0.8507685583157281, 0.8455974842767295, 0.7828185328185328, 0.7968237779558534, 0.7631765862897939, 0.822730749617542]}