{"test_gini": 0.7082887792735739, "test_ap": 0.35477030445366936, "optimization_time": 83.1278920173645, "fpr": [0.0, 0.0016574269874835687, 0.0019717665885580385, 0.002257529862262102, 0.00305766702863348, 0.00580099445619249, 0.006372521003600617, 0.007029776533119964, 0.0076013030805280905, 0.008372863919529062, 0.009030119449048407, 0.01011601988912385, 0.010316054180716695, 0.011573412585014573, 0.012745042007201234, 0.013430873864090987, 0.013945247756758301, 0.014373892667314397, 0.014573926958907241, 0.015945590672686746, 0.017031491112762188, 0.017945933588615192, 0.019774818540321197, 0.020374921415099733, 0.021117905926730296, 0.022003772075212893, 0.022460993313139395, 0.023404012116362807, 0.024175572955363777, 0.024518488883808653, 0.025661541978624906, 0.02649025547236669, 0.027033205692404413, 0.027804766531405383, 0.029376464536777735, 0.02994799108418586, 0.03066239926844602, 0.03214836829170715, 0.03380579527919072, 0.03529176430245185, 0.035891867177230384, 0.03700634394467623, 0.03854946562267817, 0.039949705663828085, 0.04094987712179231, 0.042950220037720754, 0.04592215808424301, 0.0490084014402469, 0.05043721780876722, 0.06126764588215122, 0.0624964279590787, 0.06541121335086014, 0.06675430073726925, 0.06758301423101103, 0.06864033834371606, 0.07401268788935246, 0.08089958278562039, 0.08307138366577127, 0.08510030290907013, 0.08938675201463107, 0.12162084928844945, 0.12336400525804424, 0.1384808824369892, 0.14285306052466137, 0.1448534034405898, 0.15234040121163628, 0.15705549522775333, 0.16085614676801738, 0.16368520317768762, 0.16740012573584043, 0.1736011887752186, 0.17668743213122248, 0.17917357261244785, 0.18557466994341887, 0.1947190947019489, 0.19926273075384351, 0.20400640109733098, 0.20720694976281648, 0.21112190661256217, 0.21632279819397612, 0.22158084243013088, 0.22452420414928273, 0.237412127793336, 0.24121277933360005, 0.2459564496770875, 0.25050008572898214, 0.265474081271075, 0.2823912670743556, 0.285934731668286, 0.2894781962622164, 0.294793393153112, 0.3198548322569583, 0.34200148596902324, 0.3448305423786935, 0.3501171629422187, 0.35683259987426413, 0.3622906784020118, 0.3781219637652169, 0.40169743384580214, 0.4060124592787335, 0.41012745042007204, 0.41878607761330516, 0.44007544150425787, 0.4467908784363034, 0.5081442533005658, 0.515688403726353, 0.5231754014973996, 0.5302623306852603, 0.5368348859804538, 0.5606675430073726, 0.6005029433617192, 0.6118763216551408, 0.6586271932331257, 0.7287249242727325, 0.8756072469566212, 0.8997828199119849, 0.9845402068926101, 1.0], "tpr": [0.0, 0.04309656823623304, 0.05027932960893855, 0.05546687948922586, 0.0650438946528332, 0.10215482841181166, 0.11252992817238627, 0.12290502793296089, 0.1280925778132482, 0.13567438148443736, 0.14285714285714285, 0.15203511572226655, 0.15682362330407024, 0.1739824421388667, 0.18355945730247406, 0.19074221867517957, 0.19832402234636873, 0.2083000798084597, 0.2174780526735834, 0.22585794094173983, 0.23104549082202713, 0.2386272944932163, 0.25219473264166004, 0.2605746209098164, 0.2673583399840383, 0.2789305666400638, 0.2849162011173184, 0.2944932162809258, 0.30367118914604946, 0.30965682362330404, 0.3200319233838787, 0.3284118116520351, 0.3324022346368715, 0.3375897845171588, 0.3423782920989625, 0.34996009577015164, 0.35514764565043894, 0.3671189146049481, 0.37629688747007184, 0.3902633679169992, 0.39664804469273746, 0.4066241021548284, 0.4146049481245012, 0.4229848363926576, 0.4289704708699122, 0.43415802075019955, 0.4461292897047087, 0.45251396648044695, 0.46288906624102155, 0.4940143655227454, 0.4992019154030327, 0.5103750997605746, 0.5175578611332802, 0.5223463687150838, 0.5271348762968875, 0.5415003990422985, 0.5674381484437351, 0.5754189944134078, 0.5798084596967279, 0.5861931364724661, 0.6428571428571429, 0.6508379888268156, 0.6739824421388667, 0.6763766959297686, 0.6791699920191541, 0.6887470071827614, 0.6947326416600159, 0.6983240223463687, 0.7027134876296888, 0.7098962490023942, 0.7158818834796489, 0.7190742218675179, 0.7238627294493216, 0.7338387869114126, 0.74780526735834, 0.7513966480446927, 0.7561851556264965, 0.7609736632083001, 0.7673583399840384, 0.7701516360734237, 0.776536312849162, 0.7809257781324821, 0.7924980047885076, 0.795291300877893, 0.7980845969672785, 0.8028731045490822, 0.8168395849960096, 0.8244213886671987, 0.8260175578611333, 0.8284118116520351, 0.8320031923383878, 0.8507581803671189, 0.8711093375897845, 0.8750997605746209, 0.8762968874700718, 0.879489225857941, 0.8810853950518756, 0.8906624102154829, 0.8998403830806065, 0.9010375099760575, 0.902633679169992, 0.9058260175578612, 0.9142059058260176, 0.9158020750199521, 0.9285714285714286, 0.9305666400638468, 0.9325618515562649, 0.9361532322426177, 0.9373503591380686, 0.9445331205107741, 0.9497206703910615, 0.9533120510774142, 0.9624900239425379, 0.9744612928970471, 0.9884277733439745, 0.9888268156424581, 0.9968076616121309, 1.0], "precision": [0.06682666666666667, 0.0676030418662553, 0.07295745620491682, 0.07479316383839604, 0.08739219124646602, 0.09473684210526316, 0.10037393386832485, 0.10173548773189707, 0.1076545231273025, 0.11114265436479773, 0.11223806334322074, 0.11319932186970211, 0.11443713809009716, 0.11571932965338903, 0.1279977691020636, 0.12950087615171557, 0.13412112259970457, 0.13615023474178403, 0.13713105793756833, 0.13824178518881805, 0.14433523021210554, 0.1483272873841193, 0.15002382410999932, 0.15199335548172757, 0.15378681626928473, 0.15426471627446822, 0.16, 0.1681316022901379, 0.17008028838276257, 0.17141437562106657, 0.1729159691998661, 0.1805592308370821, 0.18667656336982744, 0.18855472800980486, 0.19101015909526547, 0.19292791917621915, 0.19940900754024862, 0.20061855670103093, 0.2031578947368421, 0.2065299108581248, 0.20823323869840576, 0.20976311711312817, 0.21262420957542907, 0.21569981583793738, 0.22068882755310212, 0.2243938644235527, 0.22567313713212273, 0.22798322531452536, 0.23294487364148225, 0.2351448791560956, 0.23715950670822605, 0.24056929666989083, 0.24457984979453026, 0.25136612021857924, 0.2532118314908874, 0.25845447589900533, 0.27420981842636183, 0.274586671211863, 0.3195562323254296, 0.32791694877002936, 0.3315704759714877, 0.33435222196096875, 0.3438054218393717, 0.35482138060703733, 0.3562874251497006, 0.3570052298375998, 0.35846412556053814, 0.36387434554973824, 0.3660555884092253, 0.39658119658119656, 0.39803439803439805, 0.41027522935779814, 0.41991509069857197, 0.42862838915470497, 0.4312449145646867, 0.4350921273031826, 0.4403630077787381, 0.44177777777777777, 0.4419340262087664, 0.4435559736594544, 0.44987775061124696, 0.4533876719307183, 0.4555844155844156, 0.45493107104984093, 0.4650907091808686, 0.4682405845980888, 0.4702857142857143, 0.4717647058823529, 0.4749082007343941, 0.4735532047293093, 0.47398843930635837, 0.476, 0.4758339006126617, 0.4755145493257629, 0.4780380673499268, 0.4773413897280967, 0.48776508972267535, 0.4927659574468085, 0.50355871886121, 0.5165876777251185, 0.5092682926829268, 0.5045685279187817, 0.5042194092827004, 0.5077262693156733, 0.5184304399524375, 0.5212201591511937, 0.5183673469387755, 0.5311572700296736, 0.5371248025276462, 0.5468483816013628, 0.555956678700361, 0.5584158415841585, 0.5577342047930284, 0.6037037037037037, 0.6376146788990825, 0.6461538461538462, 0.6506024096385542, 1.0],