{"test_gini": 0.7034725277953247, "test_ap": 0.34988926115795477, "optimization_time": 91.22375655174255, "fpr": [0.0, 0.0021432245527804768, 0.003286277647596731, 0.00391495684974567, 0.0040578384865977025, 0.004829399325598674, 0.005658112819340458, 0.006572555295193462, 0.007229810824712808, 0.008115676973195405, 0.010087443561753444, 0.011173344001828884, 0.011859175858718637, 0.012459278733497172, 0.012602160370349202, 0.013287992227238955, 0.013859518774647082, 0.015231182488426587, 0.015574098416871464, 0.01628850660113162, 0.016602846202206093, 0.017231525404355033, 0.017945933588615192, 0.0188889523918386, 0.020374921415099733, 0.020660684688803794, 0.022460993313139395, 0.022918214551065897, 0.023661199062696463, 0.026604560781848318, 0.02797622449562782, 0.028804937989369606, 0.029776533119963422, 0.03051951763159399, 0.030862433560038864, 0.032434131565411216, 0.03409155855289478, 0.035120306338229414, 0.037349259873121106, 0.04154997999657084, 0.04340744127564725, 0.044950562953649194, 0.04743670343487455, 0.05040864148139681, 0.05266617134365891, 0.05409498771217923, 0.0557524146996628, 0.056466822883922956, 0.0575527233239984, 0.05832428416299937, 0.06006744013259416, 0.06106761159055838, 0.07358404297879637, 0.07441275647253814, 0.08241412813625193, 0.08481453963536606, 0.08801508830085157, 0.09004400754415043, 0.09321597988226553, 0.09567354403612048, 0.09824541349945705, 0.13316568554609362, 0.13459450191461395, 0.14048122535291765, 0.14685374635651827, 0.14968280276618848, 0.15308338572326685, 0.15948448305423787, 0.16345659255872436, 0.16857175515802708, 0.1834885980453792, 0.2351545979310739, 0.2382979939418186, 0.2572726753157684, 0.29296450820140596, 0.3000800137166371, 0.30325198605475223, 0.30819569068983255, 0.3131679716522833, 0.3456878321998057, 0.34905983882951364, 0.35354632222666743, 0.39212436417671603, 0.40984168714636793, 0.43356003886380523, 0.4401611704863691, 0.44633365719837687, 0.4648511173344002, 0.48136823455449507, 0.4884551637423558, 0.5287192090072584, 0.5527804766531406, 0.5608675772989655, 0.5809567354403612, 0.6947190947019489, 0.7535577527576156, 0.8492312967937361, 0.9493055952448991, 0.9596216494256158, 1.0], "tpr": [0.0, 0.04828411811652035, 0.07222665602553871, 0.07781324820430965, 0.08379888268156424, 0.09257781324820431, 0.10215482841181166, 0.11612130885873903, 0.12649640861931366, 0.13846767757382283, 0.160415003990423, 0.1695929768555467, 0.17637669592976857, 0.18036711891460494, 0.1879489225857941, 0.1951316839584996, 0.20151636073423784, 0.20989624900239426, 0.21428571428571427, 0.2194732641660016, 0.22266560255387072, 0.22825219473264166, 0.23583399840383082, 0.24780526735834, 0.2581803671189146, 0.2633679169992019, 0.27055067837190744, 0.27932960893854747, 0.2869114126097366, 0.3076616121308859, 0.3140462889066241, 0.3224261771747805, 0.3332003192338388, 0.33798882681564246, 0.34996009577015164, 0.3547486033519553, 0.363926576217079, 0.37110933758978454, 0.38667198723064644, 0.40782122905027934, 0.4205905826017558, 0.4309656823623304, 0.44014365522745413, 0.4521149241819633, 0.4561053471667997, 0.4664804469273743, 0.4744612928970471, 0.47845171588188345, 0.4888268156424581, 0.49880287310454907, 0.5027932960893855, 0.5091779728651237, 0.5458898643256185, 0.5506783719074222, 0.5662410215482842, 0.5706304868316041, 0.5794094173982443, 0.5837988826815642, 0.5937749401436552, 0.5969672785315243, 0.6009577015163607, 0.6580207501995211, 0.6652035115722267, 0.6775738228252195, 0.6871508379888268, 0.6915403032721469, 0.6947326416600159, 0.704708699122107, 0.7067039106145251, 0.7150837988826816, 0.7286512370311253, 0.790901835594573, 0.7968874700718276, 0.8112529928172386, 0.8367916999201915, 0.8423782920989625, 0.8471667996807661, 0.8503591380686353, 0.8543495610534717, 0.8735035913806863, 0.87390263367917, 0.8770949720670391, 0.8902633679169992, 0.8946528332003192, 0.9046288906624103, 0.9086193136472466, 0.9102154828411811, 0.9138068635275339, 0.9189944134078212, 0.922585794094174, 0.9305666400638468, 0.9365522745411013, 0.9393455706304868, 0.9413407821229051, 0.9616919393455706, 0.975658419792498, 0.9820430965682362, 0.9956105347166799, 0.9964086193136472, 1.0], "precision": [0.06682666666666667, 0.06921115361161927, 0.06985860282794344, 0.07647844867770906, 0.08485163977095263, 0.09019123535795816, 0.10397108731103177, 0.10709248896774487, 0.10820155824996543, 0.1119324181626188, 0.11914455037361504, 0.12027365782327136, 0.12340356738696988, 0.12743016759776538, 0.12878959276018098, 0.12999598600837203, 0.13519054510371442, 0.13984830439415785, 0.1508579272477694, 0.15203054494967025, 0.15322693546129076, 0.1634351145038168, 0.16498916073087644, 0.16670592854338437, 0.16738027275610529, 0.16981132075471697, 0.18421529539688292, 0.19320820433436534, 0.19410439721868572, 0.22141384745968232, 0.23299960993368873, 0.23641703377386197, 0.24037021913706275, 0.24528036066497605, 0.24860134844355186, 0.2509838216003498, 0.25672815240399155, 0.26140818566724167, 0.26137264225709306, 0.30461165048543687, 0.3088356729975227, 0.31326315789473685, 0.31707845687039443, 0.32038834951456313, 0.32514779445202363, 0.32976992795723914, 0.3463855421686747, 0.3469439513061121, 0.37386463521828306, 0.37477691850089234, 0.37982376177453664, 0.3782031491200988, 0.37763779527559055, 0.37866242038216563, 0.38177661659046375, 0.3827863362357669, 0.3910942354159475, 0.39920376402461094, 0.4070863173765548, 0.40963855421686746, 0.41276252019386106, 0.4257469244288225, 0.43075497915701716, 0.4332541567695962, 0.4392292490118577, 0.4481349003576903, 0.4422976501305483, 0.44485881726158766, 0.44493392070484583, 0.4456398640996603, 0.45299647473560517, 0.464770523594053, 0.46604527296937415, 0.46311475409836067, 0.4772234273318872, 0.47573529411764703, 0.484399375975039, 0.48482362592288764, 0.4868085106382979, 0.48990342405618964, 0.49107142857142855, 0.49630314232902034, 0.4966949952785647, 0.51010101010101, 0.5125786163522013, 0.5164473684210527, 0.509009009009009, 0.5157526254375729, 0.5208333333333334, 0.5324503311258278, 0.5499207606973059, 0.5561403508771929, 0.5585412667946257, 0.5638766519823789, 0.5785536159600998, 0.5965909090909091, 0.5873493975903614, 0.6114864864864865, 0.6173469387755102, 1.0],