{"objective": "binary:logistic", "eval_metric": "auc", "learning_rate": 0.3536361117032229, "max_depth": 7, "min_child_weight": 10, "gamma": 0.3104833335757118, "reg_alpha": 2.8911615145057725, "reg_lambda": 9.783884606833894, "subsample": 0.8930001570707915, "colsample_bytree": 0.8203908260449015, "colsample_bylevel": 0.41351604562544453, "colsample_bynode": 0.45344623094944314, "max_delta_step": 5, "scale_pos_weight": 8, "n_estimators": 20}