{"objective": "binary:logistic", "eval_metric": "auc", "learning_rate": 0.0009128876070789912, "max_depth": 13, "min_child_weight": 27, "gamma": 6.552897584379528, "reg_alpha": 8.650524528603276, "reg_lambda": 2.0882799591402645, "subsample": 0.43566646121496955, "colsample_bytree": 0.5427686751276113, "colsample_bylevel": 0.8331121852196193, "colsample_bynode": 0.49901574020508227, "max_delta_step": 6, "scale_pos_weight": 5, "n_estimators": 100}