{"objective": "binary:logistic", "eval_metric": "auc", "learning_rate": 3.0373337249578513e-05, "max_depth": 11, "min_child_weight": 1, "gamma": 0.6685995479327402, "reg_alpha": 2.298411056198405, "reg_lambda": 1.9262490107303638, "subsample": 0.460990409467089, "colsample_bytree": 0.8738852968391473, "colsample_bylevel": 0.7679362427609503, "colsample_bynode": 0.8669464440427342, "max_delta_step": 10, "n_estimators": 175}