{"objective": "binary:logistic", "eval_metric": "auc", "learning_rate": 0.00010009350184048492, "max_depth": 11, "min_child_weight": 2, "gamma": 1.1338039699183833, "reg_alpha": 0.443596152212578, "reg_lambda": 1.2840292870976506, "subsample": 0.5138036496835864, "colsample_bytree": 0.8638542162328302, "colsample_bylevel": 0.7968306509664733, "colsample_bynode": 0.8597163644307593, "max_delta_step": 10, "n_estimators": 111}