{"objective": "binary:logistic", "eval_metric": "auc", "learning_rate": 0.04283800755463847, "max_depth": 14, "min_child_weight": 5, "gamma": 1.298400780870606, "reg_alpha": 0.32203896284651634, "reg_lambda": 0.7241350811438707, "subsample": 0.6504900494278475, "colsample_bytree": 0.8409690238129052, "colsample_bylevel": 0.7344901339824711, "colsample_bynode": 0.7257889387242314, "max_delta_step": 2, "n_estimators": 111}