{"objective": "binary:logistic", "eval_metric": "auc", "learning_rate": 0.47995863914204234, "max_depth": 12, "min_child_weight": 1, "gamma": 0.5118859036973378, "reg_alpha": 0.41688441218802563, "reg_lambda": 0.002867680087462604, "subsample": 0.5751321932692233, "colsample_bytree": 0.8199968933338335, "colsample_bylevel": 0.740305128339642, "colsample_bynode": 0.7399781279962412, "max_delta_step": 4, "n_estimators": 17}