{"objective": "binary:logistic", "eval_metric": "auc", "learning_rate": 1.4542028328295378e-05, "max_depth": 10, "min_child_weight": 2, "gamma": 2.311325271529143, "reg_alpha": 2.6786326453659854, "reg_lambda": 2.1252569294113695, "subsample": 0.493497270888698, "colsample_bytree": 0.8952607296596633, "colsample_bylevel": 0.7830237531431334, "colsample_bynode": 0.853349728521076, "max_delta_step": 6, "n_estimators": 147}