{"objective": "binary:logistic", "eval_metric": "auc", "learning_rate": 0.18613023920743713, "max_depth": 13, "min_child_weight": 2, "gamma": 0.8090678191068393, "reg_alpha": 0.2209070883457406, "reg_lambda": 0.2145342829971834, "subsample": 0.7347220836678583, "colsample_bytree": 0.8207548221989144, "colsample_bylevel": 0.7099220088622292, "colsample_bynode": 0.7428995287668201, "max_delta_step": 2, "n_estimators": 41}