{"objective": "binary:logistic", "eval_metric": "auc", "learning_rate": 9.111087922720534e-05, "max_depth": 12, "min_child_weight": 2, "gamma": 0.7462968326615376, "reg_alpha": 2.265253793324683, "reg_lambda": 2.5298029134583473, "subsample": 0.518973923361404, "colsample_bytree": 0.8787058767714309, "colsample_bylevel": 0.789528184812386, "colsample_bynode": 0.7027337081935042, "max_delta_step": 10, "n_estimators": 29}