{"objective": "binary:logistic", "eval_metric": "auc", "learning_rate": 6.54953934351958e-06, "max_depth": 9, "min_child_weight": 6, "gamma": 0.04629762323593267, "reg_alpha": 2.6695917157959217, "reg_lambda": 2.920295633192416, "subsample": 0.6197477179413036, "colsample_bytree": 0.7078461283199805, "colsample_bylevel": 0.8658837304023654, "colsample_bynode": 0.8998466283136693, "max_delta_step": 6, "n_estimators": 13}