{"objective": "binary:logistic", "eval_metric": "auc", "learning_rate": 2.082214495887499e-05, "max_depth": 7, "min_child_weight": 2, "gamma": 2.948041873537441, "reg_alpha": 6.454346886129226, "reg_lambda": 0.5498057692748981, "subsample": 0.7942186272703396, "colsample_bytree": 0.46891804122094083, "colsample_bylevel": 0.8970792724238635, "colsample_bynode": 0.895191203327264, "max_delta_step": 8, "n_estimators": 83}