{"objective": "binary:logistic", "eval_metric": "auc", "learning_rate": 2.2606727926075982e-07, "max_depth": 12, "min_child_weight": 14, "gamma": 4.684428107955592, "reg_alpha": 1.8796718509031296, "reg_lambda": 7.833913929343032, "subsample": 0.44680405106979865, "colsample_bytree": 0.34495604616907943, "colsample_bylevel": 0.3020525544966112, "colsample_bynode": 0.4352347845647076, "max_delta_step": 7, "n_estimators": 131}