{"objective": "binary:logistic", "eval_metric": "auc", "learning_rate": 0.3385348612804915, "max_depth": 14, "min_child_weight": 40, "gamma": 9.532498057873248, "reg_alpha": 9.666238148021286, "reg_lambda": 3.9241228147484475, "subsample": 0.49060951280399745, "colsample_bytree": 0.6134506421282259, "colsample_bylevel": 0.3459668232977471, "colsample_bynode": 0.7537561384944147, "max_delta_step": 2, "n_estimators": 20}