{"objective": "binary:logistic", "eval_metric": "auc", "learning_rate": 0.07517871980304586, "max_depth": 12, "min_child_weight": 5, "gamma": 0.7138881314078291, "reg_alpha": 0.06767990894357528, "reg_lambda": 2.2260637987070506, "subsample": 0.6070249746658289, "colsample_bytree": 0.8237896181783222, "colsample_bylevel": 0.7652594819389374, "colsample_bynode": 0.8141376684546284, "max_delta_step": 2, "n_estimators": 113}