{"objective": "binary:logistic", "eval_metric": "auc", "learning_rate": 0.052900158660578546, "max_depth": 13, "min_child_weight": 4, "gamma": 0.9555187175063347, "reg_alpha": 0.0363998654141553, "reg_lambda": 0.3255449883810746, "subsample": 0.6079528028416507, "colsample_bytree": 0.8386189893589266, "colsample_bylevel": 0.7634941661525514, "colsample_bynode": 0.7129860075090039, "max_delta_step": 2, "n_estimators": 109}