{"objective": "binary:logistic", "eval_metric": "auc", "learning_rate": 0.0031043128878090924, "max_depth": 4, "min_child_weight": 31, "gamma": 3.833383732272716, "reg_alpha": 7.378330195181993, "reg_lambda": 4.136928659655911, "subsample": 0.4016368620706896, "colsample_bytree": 0.6207078515078822, "colsample_bylevel": 0.5955821552980427, "colsample_bynode": 0.4782260090375514, "max_delta_step": 6, "n_estimators": 69}