{"objective": "binary:logistic", "eval_metric": "auc", "learning_rate": 4.343122702484072e-06, "max_depth": 10, "min_child_weight": 9, "gamma": 4.379930013706944, "reg_alpha": 6.158163443171981, "reg_lambda": 1.955194835874079, "subsample": 0.6651018134478879, "colsample_bytree": 0.3706965618597676, "colsample_bylevel": 0.8686934731992386, "colsample_bynode": 0.8003390485454367, "max_delta_step": 7, "n_estimators": 144}