{"objective": "binary:logistic", "eval_metric": "auc", "learning_rate": 0.06074878722848535, "max_depth": 13, "min_child_weight": 2, "gamma": 0.8634823599701695, "reg_alpha": 0.0008423893700428564, "reg_lambda": 0.6747824570808112, "subsample": 0.6726696738393194, "colsample_bytree": 0.831961850897971, "colsample_bylevel": 0.6781979087940032, "colsample_bynode": 0.7438435947665101, "max_delta_step": 2, "n_estimators": 60}