{"objective": "binary:logistic", "eval_metric": "auc", "learning_rate": 0.12728387317887213, "max_depth": 13, "min_child_weight": 2, "gamma": 1.217453707906789, "reg_alpha": 0.14428203259916209, "reg_lambda": 0.812789144318983, "subsample": 0.6454050531399261, "colsample_bytree": 0.839488262240186, "colsample_bylevel": 0.805792383338439, "colsample_bynode": 0.7372409544856227, "max_delta_step": 2, "n_estimators": 68}