{"objective": "binary:logistic", "eval_metric": "auc", "learning_rate": 0.06393480419990319, "max_depth": 13, "min_child_weight": 4, "gamma": 0.731456993475605, "reg_alpha": 0.097995323831859, "reg_lambda": 0.7803091866695261, "subsample": 0.6112836477587369, "colsample_bytree": 0.8228142340390604, "colsample_bylevel": 0.7623147579203636, "colsample_bynode": 0.72113948681583, "max_delta_step": 2, "n_estimators": 125}