{"objective": "binary:logistic", "eval_metric": "auc", "learning_rate": 0.17991940540751886, "max_depth": 13, "min_child_weight": 1, "gamma": 0.9962310952361237, "reg_alpha": 0.21061604220300018, "reg_lambda": 0.19662006279859295, "subsample": 0.6341906845798414, "colsample_bytree": 0.8455329428236686, "colsample_bylevel": 0.7243571119983121, "colsample_bynode": 0.7555944679671751, "max_delta_step": 2, "n_estimators": 33}