{"objective": "binary:logistic", "eval_metric": "auc", "learning_rate": 0.32345692109839774, "max_depth": 12, "min_child_weight": 3, "gamma": 1.0678572979004588, "reg_alpha": 0.4676014103483035, "reg_lambda": 0.02000053111891137, "subsample": 0.7720078447231226, "colsample_bytree": 0.8515773625780253, "colsample_bylevel": 0.704873652098942, "colsample_bynode": 0.708397648433322, "max_delta_step": 2, "n_estimators": 34}