{"objective": "binary:logistic", "eval_metric": "auc", "learning_rate": 1.5582228610470758e-05, "max_depth": 10, "min_child_weight": 1, "gamma": 2.4300980207368945, "reg_alpha": 2.4692676889746683, "reg_lambda": 1.9673503616939043, "subsample": 0.47936570025985337, "colsample_bytree": 0.8552833999711724, "colsample_bylevel": 0.7787310980238616, "colsample_bynode": 0.8898563475320002, "max_delta_step": 6, "n_estimators": 23}