{"test_gini": 0.5064359226556179, "test_ap": 0.5089800738733004, "optimization_time": 139.7411494255066, "fpr": [0.0, 0.0022256462934429036, 0.004964903269988016, 0.0063345317582605715, 0.007532956685499058, 0.011128231467214518, 0.011641842150316727, 0.012155452833418935, 0.014894709809964048, 0.018661188152713577, 0.019517205957883924, 0.022085259373394967, 0.02396849854476973, 0.03133025166923472, 0.032015065913371, 0.034411915767847974, 0.03766478342749529, 0.03869200479369971, 0.04126005820921075, 0.04382811162472179, 0.046909775723335045, 0.04810820065057353, 0.0583804143126177, 0.07224790275637734, 0.08286252354048965, 0.08611539120013696, 0.08680020544427323, 0.09005307310392056, 0.0943331621297723, 0.1004964903269988, 0.108371854134566, 0.11076870398904297, 0.11299435028248588, 0.12052730696798493, 0.12617702448210924, 0.12891628145865433, 0.1381612737544941, 0.1426125663413799, 0.19448724533470296, 0.20304742338640644, 0.21040917651087143, 0.21640130114706385, 0.22153740797808594, 0.2614278376990241, 0.27033042287279574, 0.29173086800205444, 0.2970381783941106, 0.3091936312275295, 0.3156993665468242, 0.3204930662557781, 0.3299092621126519, 0.3357301831878103, 0.3449751754836501, 0.39565142954973465, 0.4033555897962678, 0.4076356788221195, 0.41345659989727784, 0.46858414655024827, 0.4776579352850539, 0.509673001198425, 0.6486902927580893, 0.6507447354904982, 0.6598185242253038, 0.7406266050333847, 0.746276322547509, 0.7527820578668036, 0.7596302003081664, 0.9503509673001198, 0.9597671631569936, 0.9724362266735148, 0.9774011299435028, 0.9827084403355589, 0.9916110255093306, 1.0], "tpr": [0.0, 0.03496081977094635, 0.04701627486437613, 0.056660638939119955, 0.06751054852320675, 0.11452682338758288, 0.11934900542495479, 0.12537673297166968, 0.13321277878239904, 0.14647377938517178, 0.15310427968655818, 0.16033755274261605, 0.16877637130801687, 0.244122965641953, 0.24954792043399637, 0.26883664858348405, 0.30018083182640143, 0.3086196503918023, 0.3309222423146474, 0.33634719710669075, 0.3465943339361061, 0.35563592525617843, 0.36588306208559374, 0.38276069921639544, 0.4062688366485835, 0.40807715491259794, 0.4110910186859554, 0.42917420132610007, 0.4388185654008439, 0.4478601567209162, 0.45087402049427366, 0.458710066305003, 0.4665461121157324, 0.4719710669077758, 0.4743821579264617, 0.4816154309825196, 0.5081374321880651, 0.5195901145268234, 0.5720313441832429, 0.5786618444846293, 0.5810729355033153, 0.5961422543701025, 0.6088004822182037, 0.648583484026522, 0.6552139843279083, 0.6763110307414105, 0.6847498493068114, 0.6925858951175407, 0.6998191681735986, 0.7064496684749849, 0.7100663050030138, 0.7142857142857143, 0.7221217600964437, 0.7649186256781193, 0.7661241711874623, 0.7679324894514767, 0.7709463532248343, 0.8010849909584087, 0.8065099457504521, 0.8245931283905967, 0.8704038577456299, 0.8734177215189873, 0.8794454490657022, 0.9132007233273056, 0.9204339963833634, 0.9264617239300783, 0.9288728149487643, 0.9795057263411694, 0.9837251356238698, 0.9891500904159132, 0.9921639541892706, 0.995177817962628, 0.997588908981314, 1.0], "precision": [0.2212, 0.22223714247347925, 0.22337978622649168, 0.22379333786539768, 0.22414970632427264, 0.2254766510085659, 0.22644927536231885, 0.2577785212445634, 0.25901584091675095, 0.2594291539245668, 0.2593733949666153, 0.27460944852249203, 0.276, 0.27594114274794573, 0.3148446490218642, 0.3241279069767442, 0.3268568617806198, 0.3462371413102328, 0.3485636114911081, 0.3504273504273504, 0.35446927374301673, 0.3728602552131964, 0.37666878575969487, 0.3793880837359098, 0.38501971090670173, 0.3863560732113145, 0.38883248730964465, 0.39568094740508536, 0.3970276008492569, 0.40772693173293323, 0.4133691893968498, 0.4383680555555556, 0.43897026187305815, 0.43958048335613314, 0.4473438956197577, 0.4551558752997602, 0.5085545722713865, 0.5109090909090909, 0.5148195876288659, 0.5164041994750657, 0.5265635507733692, 0.5397489539748954, 0.5404829545454546, 0.5416364952932657, 0.5586466165413534, 0.5691946833463644, 0.5751211631663974, 0.5735912531539108, 0.573728813559322, 0.5820379965457686, 0.6007568590350048, 0.640295358649789, 0.677382319173364, 0.6772673733804476, 0.6855036855036855, 0.6949367088607595, 0.6937669376693767, 0.6935933147632312, 0.6893353941267388, 0.6888519134775375, 0.6887755102040817, 0.6666666666666666, 0.6734177215189874, 0.6902173913043478, 0.6903409090909091, 0.7175324675324676, 0.7455197132616488, 0.7443609022556391, 0.7450980392156863, 0.717948717948718, 0.7175572519083969, 0.7289719626168224, 0.8169014084507042, 1.0], "recall": [1.0, 0.997588908981314, 0.995177817962628, 0.9921639541892706, 0.9891500904159132, 0.9837251356238698, 0.9795057263411694, 0.9288728149487643, 0.9264617239300783, 0.9204339963833634, 0.9132007233273056, 0.8794454490657022, 0.8734177215189873, 0.8704038577456299, 0.8245931283905967, 0.8065099457504521, 0.8010849909584087, 0.7709463532248343, 0.7679324894514767, 0.7661241711874623, 0.7649186256781193, 0.7221217600964437, 0.7142857142857143, 0.7100663050030138, 0.7064496684749849, 0.6998191681735986, 0.6925858951175407, 0.6847498493068114, 0.6763110307414105, 0.6552139843279083, 0.648583484026522, 0.6088004822182037, 0.5961422543701025, 0.5810729355033153, 0.5786618444846293, 0.5720313441832429, 0.5195901145268234, 0.5081374321880651, 0.4816154309825196, 0.4743821579264617, 0.4719710669077758, 0.4665461121157324, 0.458710066305003, 0.45087402049427366, 0.4478601567209162, 0.4388185654008439, 0.42917420132610007, 0.4110910186859554, 0.40807715491259794, 0.4062688366485835, 0.38276069921639544, 0.36588306208559374, 0.35563592525617843, 0.3465943339361061, 0.33634719710669075, 0.3309222423146474, 0.3086196503918023, 0.30018083182640143, 0.26883664858348405, 0.24954792043399637, 0.244122965641953, 0.16877637130801687, 0.16033755274261605, 0.15310427968655818, 0.14647377938517178, 0.13321277878239904, 0.12537673297166968, 0.11934900542495479, 0.11452682338758288, 0.06751054852320675, 0.056660638939119955, 0.04701627486437613, 0.03496081977094635, 0.0], "mean_train_gini": [0.7949381964875655, 0.8003883330539775, 0.7969073420809556, 0.7905778024164799, 0.7946972951518724, 0.7971615455965565, 0.7909440036829551, 0.8004310252828507, 0.7918145783512243, 0.7931848948659566, 0.792720213055413, 0.7962819436627779, 0.7970933054986136, 0.7949071284160276, 0.7949402226384008, 0.7988140888933101, 0.7903850648173762, 0.7962902171435111, 0.7882730991995627, 0.8007438877298658, 0.7957122734435221, 0.7980711555748757, 0.7972014151838789, 0.7919578825782931, 0.7936727650103585, 0.8007136804432265, 0.7928892744605592, 0.79120148375647, 0.8005038836609226, 0.79752230993358, 0.7959966543159572, 0.7911017943277585, 0.7953896909964642, 0.7996783162113781, 0.7984328551719628, 0.7986016478362639, 0.7948497054044688, 0.7944002134832787, 0.7938712451965128, 0.7965233809829586, 0.7959615077131746, 0.7968304634627501, 0.7935474837946164, 0.7821664772216383, 0.8017646429729444, 0.7903563627047644, 0.7947632299989144, 0.7976145253096438, 0.7978494204934865, 0.7935042285674323],