{"objective": "binary:logistic", "eval_metric": "auc", "learning_rate": 7.3378006838676975e-06, "max_depth": 10, "min_child_weight": 4, "gamma": 6.206644176313904, "reg_alpha": 1.4103393153580968, "reg_lambda": 0.06403090782120202, "subsample": 0.8744097666047577, "colsample_bytree": 0.6902226113907917, "colsample_bylevel": 0.7060422038393431, "colsample_bynode": 0.5183727985456239, "max_delta_step": 2, "scale_pos_weight": 8, "n_estimators": 242}