{"objective": "binary:logistic", "eval_metric": "auc", "learning_rate": 7.899440324156442e-05, "max_depth": 11, "min_child_weight": 44, "gamma": 3.031519510357806, "reg_alpha": 6.598237266747933, "reg_lambda": 4.153926760862296, "subsample": 0.7980411914417913, "colsample_bytree": 0.6831937344421205, "colsample_bylevel": 0.6174030718501244, "colsample_bynode": 0.6419725693502627, "max_delta_step": 6, "scale_pos_weight": 8, "n_estimators": 21}