{"objective": "binary:logistic", "eval_metric": "auc", "learning_rate": 0.6918500358500889, "max_depth": 3, "min_child_weight": 10, "gamma": 5.148802034992741, "reg_alpha": 7.723846373808993, "reg_lambda": 8.236955523211222, "subsample": 0.8815183842758099, "colsample_bytree": 0.49316585183247275, "colsample_bylevel": 0.6817056736025691, "colsample_bynode": 0.7242166087296998, "max_delta_step": 2, "scale_pos_weight": 5, "n_estimators": 26}