{"objective": "binary:logistic", "eval_metric": "auc", "learning_rate": 0.00017947730266938103, "max_depth": 12, "min_child_weight": 25, "gamma": 2.8945133400379763, "reg_alpha": 3.90835193146283, "reg_lambda": 0.8424208241422293, "subsample": 0.4911535032806682, "colsample_bytree": 0.35367490460187256, "colsample_bylevel": 0.7623981494954578, "colsample_bynode": 0.44595913506032636, "max_delta_step": 10, "scale_pos_weight": 5, "n_estimators": 95}