{"objective": "binary:logistic", "eval_metric": "auc", "learning_rate": 0.0735525166282551, "max_depth": 8, "min_child_weight": 7, "gamma": 9.439123096043375, "reg_alpha": 3.68458784837824, "reg_lambda": 7.980135729647268, "subsample": 0.41408114467014595, "colsample_bytree": 0.4654567451875754, "colsample_bylevel": 0.6658996768860602, "colsample_bynode": 0.47321920826565667, "max_delta_step": 6, "scale_pos_weight": 7, "n_estimators": 211}