{"objective": "binary:logistic", "eval_metric": "auc", "learning_rate": 0.009019349171218292, "max_depth": 10, "min_child_weight": 26, "gamma": 3.7939844953451978, "reg_alpha": 3.6240874495666446, "reg_lambda": 6.584542788768729, "subsample": 0.7387584069678661, "colsample_bytree": 0.47492896451485295, "colsample_bylevel": 0.8955158205303374, "colsample_bynode": 0.63045316839213, "max_delta_step": 4, "scale_pos_weight": 1, "n_estimators": 629}