{"objective": "binary:logistic", "eval_metric": "auc", "learning_rate": 0.0031926469837029537, "max_depth": 9, "min_child_weight": 41, "gamma": 0.31249547375999054, "reg_alpha": 4.494459803815074, "reg_lambda": 6.365275712965586, "subsample": 0.4498655188678361, "colsample_bytree": 0.43823302895174854, "colsample_bylevel": 0.5485351235147229, "colsample_bynode": 0.7390690490984366, "max_delta_step": 6, "scale_pos_weight": 3, "n_estimators": 54}