{"objective": "binary:logistic", "eval_metric": "auc", "learning_rate": 0.13003726555204825, "max_depth": 9, "min_child_weight": 10, "gamma": 4.3857489197006725, "reg_alpha": 6.576197820001843, "reg_lambda": 2.3708751231600678, "subsample": 0.6302252901575589, "colsample_bytree": 0.6927642189061215, "colsample_bylevel": 0.7404470609450992, "colsample_bynode": 0.3841312156077569, "max_delta_step": 8, "scale_pos_weight": 3, "n_estimators": 54}