{"objective": "binary:logistic", "eval_metric": "auc", "learning_rate": 2.185790609316865e-07, "max_depth": 14, "min_child_weight": 12, "gamma": 3.6569287163633306, "reg_alpha": 0.562768348629338, "reg_lambda": 0.19033789270619916, "subsample": 0.4177402446610162, "colsample_bytree": 0.6586302456088772, "colsample_bylevel": 0.7234073574340252, "colsample_bynode": 0.30208257750057466, "max_delta_step": 7, "n_estimators": 46}