{"objective": "binary:logistic", "eval_metric": "auc", "learning_rate": 0.9804893291028806, "max_depth": 12, "min_child_weight": 5, "gamma": 5.26316138111185, "reg_alpha": 2.654182132882636, "reg_lambda": 9.872962032120341, "subsample": 0.8917380580459895, "colsample_bytree": 0.4087951073622579, "colsample_bylevel": 0.3632704137937772, "colsample_bynode": 0.5153524731592555, "max_delta_step": 5, "n_estimators": 83}