{"objective": "binary:logistic", "eval_metric": "auc", "learning_rate": 9.339973918281039e-07, "max_depth": 12, "min_child_weight": 1, "gamma": 2.250776784498153, "reg_alpha": 1.4803786193674857, "reg_lambda": 0.630792724721795, "subsample": 0.8910301636333039, "colsample_bytree": 0.6445944605818594, "colsample_bylevel": 0.48923436806100823, "colsample_bynode": 0.5245008147574888, "max_delta_step": 6, "n_estimators": 104}