{"objective": "binary:logistic", "eval_metric": "auc", "learning_rate": 0.3585845086782728, "max_depth": 13, "min_child_weight": 23, "gamma": 9.502550164922162, "reg_alpha": 8.647119438598823, "reg_lambda": 5.535375885608711, "subsample": 0.7246702688352826, "colsample_bytree": 0.48905739169089, "colsample_bylevel": 0.4949165735110187, "colsample_bynode": 0.5482013894579678, "max_delta_step": 1, "n_estimators": 8}