{"objective": "binary:logistic", "eval_metric": "auc", "learning_rate": 2.2408684566584232e-05, "max_depth": 8, "min_child_weight": 1, "gamma": 0.018738231727306005, "reg_alpha": 2.95817554849407, "reg_lambda": 1.341704652655059, "subsample": 0.839855938629654, "colsample_bytree": 0.5259168298876667, "colsample_bylevel": 0.899432764849389, "colsample_bynode": 0.7675867883864154, "max_delta_step": 10, "n_estimators": 28}