{"objective": "binary:logistic", "eval_metric": "auc", "learning_rate": 1.1793278799533696e-06, "max_depth": 12, "min_child_weight": 4, "gamma": 5.71488391375131, "reg_alpha": 1.9179893659604397, "reg_lambda": 0.3806340626842819, "subsample": 0.47197831127216405, "colsample_bytree": 0.6226521332570145, "colsample_bylevel": 0.6166547289910786, "colsample_bynode": 0.49559544683841456, "max_delta_step": 4, "n_estimators": 79}