{"objective": "binary:logistic", "eval_metric": "auc", "learning_rate": 0.004712492199797552, "max_depth": 8, "min_child_weight": 17, "gamma": 6.10431532703834, "reg_alpha": 3.8584338435195917, "reg_lambda": 4.184838223702131, "subsample": 0.4945342927142182, "colsample_bytree": 0.4824554266439077, "colsample_bylevel": 0.8624036054035511, "colsample_bynode": 0.5247380062139706, "max_delta_step": 6, "scale_pos_weight": 7, "n_estimators": 172}