{"objective": "binary:logistic", "eval_metric": "auc", "learning_rate": 0.24810681725790512, "max_depth": 4, "min_child_weight": 13, "gamma": 6.2921375394962755, "reg_alpha": 8.150477926430021, "reg_lambda": 0.6118798127805558, "subsample": 0.5518981313336231, "colsample_bytree": 0.5992866639916108, "colsample_bylevel": 0.4330269898470942, "colsample_bynode": 0.4895015289363671, "max_delta_step": 1, "scale_pos_weight": 1, "n_estimators": 49}