{"objective": "binary:logistic", "eval_metric": "auc", "learning_rate": 0.001879007174522376, "max_depth": 7, "min_child_weight": 14, "gamma": 8.064570737311223, "reg_alpha": 9.507203924614226, "reg_lambda": 0.5810040944796158, "subsample": 0.51488513046831, "colsample_bytree": 0.6836889994815847, "colsample_bylevel": 0.7913361606973046, "colsample_bynode": 0.557945477478415, "max_delta_step": 9, "scale_pos_weight": 7, "n_estimators": 137}