{"objective": "binary:logistic", "eval_metric": "auc", "learning_rate": 0.3208371150697334, "max_depth": 14, "min_child_weight": 8, "gamma": 0.7710546555883082, "reg_alpha": 6.363149955199062, "reg_lambda": 0.5434369357798852, "subsample": 0.7830182955045133, "colsample_bytree": 0.820911303385816, "colsample_bylevel": 0.7749767494583143, "colsample_bynode": 0.6886742024787154, "max_delta_step": 3, "scale_pos_weight": 3, "n_estimators": 41}