{"objective": "binary:logistic", "eval_metric": "auc", "learning_rate": 1.0361955061754027e-06, "max_depth": 4, "min_child_weight": 27, "gamma": 3.4782343037711225, "reg_alpha": 2.393172289044141, "reg_lambda": 7.306459560582871, "subsample": 0.37294495219628016, "colsample_bytree": 0.8525467826552904, "colsample_bylevel": 0.3464978003192961, "colsample_bynode": 0.7800854682326939, "max_delta_step": 6, "scale_pos_weight": 2, "n_estimators": 70}