{"objective": "binary:logistic", "eval_metric": "auc", "learning_rate": 0.0007692126244412848, "max_depth": 4, "min_child_weight": 33, "gamma": 4.920583984875909, "reg_alpha": 0.2559065980485953, "reg_lambda": 0.1613429733145777, "subsample": 0.6016896192948176, "colsample_bytree": 0.6019728163427749, "colsample_bylevel": 0.6945043623217332, "colsample_bynode": 0.6101559676325264, "max_delta_step": 4, "scale_pos_weight": 7, "n_estimators": 92}