{"objective": "binary:logistic", "eval_metric": "auc", "learning_rate": 0.044733263194384525, "max_depth": 7, "min_child_weight": 13, "gamma": 0.055811319375159485, "reg_alpha": 0.08930771193389364, "reg_lambda": 2.154196107543935, "subsample": 0.6990690429402302, "colsample_bytree": 0.5268131203787203, "colsample_bylevel": 0.875632603982315, "colsample_bynode": 0.5291477827362306, "max_delta_step": 10, "scale_pos_weight": 4, "n_estimators": 89}