{"objective": "binary:logistic", "eval_metric": "auc", "learning_rate": 0.4279710594690675, "max_depth": 3, "min_child_weight": 5, "gamma": 8.645954699162097, "reg_alpha": 7.8748983397721375, "reg_lambda": 4.59462068246077, "subsample": 0.5958483412205846, "colsample_bytree": 0.3191489656191528, "colsample_bylevel": 0.722328092779611, "colsample_bynode": 0.5699871696572081, "max_delta_step": 1, "scale_pos_weight": 8, "n_estimators": 107}