{"objective": "binary:logistic", "eval_metric": "auc", "learning_rate": 0.08057285541855698, "max_depth": 9, "min_child_weight": 15, "gamma": 1.6141106391884494, "reg_alpha": 3.729813495727347, "reg_lambda": 1.8154809631851498, "subsample": 0.6993002082977554, "colsample_bytree": 0.5725426526136381, "colsample_bylevel": 0.8791300881830542, "colsample_bynode": 0.523874149508356, "max_delta_step": 2, "scale_pos_weight": 4, "n_estimators": 241}