{"objective": "binary:logistic", "eval_metric": "auc", "learning_rate": 0.16354835175288282, "max_depth": 10, "min_child_weight": 1, "gamma": 1.4943756471440084, "reg_alpha": 2.864989364683045, "reg_lambda": 3.08701328990836, "subsample": 0.766297604135939, "colsample_bytree": 0.7113924634189429, "colsample_bylevel": 0.8947805372798919, "colsample_bynode": 0.3692151752881054, "max_delta_step": 9, "scale_pos_weight": 3, "n_estimators": 56}