{"objective": "binary:logistic", "eval_metric": "auc", "learning_rate": 3.706256641951209e-08, "max_depth": 11, "min_child_weight": 26, "gamma": 5.335284156748685, "reg_alpha": 7.58739558087644, "reg_lambda": 3.99103830442919, "subsample": 0.5572093431343854, "colsample_bytree": 0.3226321936473378, "colsample_bylevel": 0.7141994954653612, "colsample_bynode": 0.31825404362831855, "max_delta_step": 4, "scale_pos_weight": 3, "n_estimators": 46}