{"objective": "binary:logistic", "eval_metric": "auc", "learning_rate": 4.463790405206652e-06, "max_depth": 14, "min_child_weight": 39, "gamma": 0.9408720605836296, "reg_alpha": 3.2452918475400336, "reg_lambda": 3.5253182844400808, "subsample": 0.5984422185253404, "colsample_bytree": 0.5300225270546806, "colsample_bylevel": 0.8395303318152865, "colsample_bynode": 0.7811455851566649, "max_delta_step": 1, "scale_pos_weight": 3, "n_estimators": 100}