{"objective": "binary:logistic", "eval_metric": "auc", "learning_rate": 0.8038210689136949, "max_depth": 6, "min_child_weight": 23, "gamma": 5.137245438885455, "reg_alpha": 7.389629174524926, "reg_lambda": 5.966109104401134, "subsample": 0.7640898911712442, "colsample_bytree": 0.3120436984457678, "colsample_bylevel": 0.39374336073676974, "colsample_bynode": 0.32258398391465787, "max_delta_step": 2, "scale_pos_weight": 2, "n_estimators": 47}