{"objective": "binary:logistic", "eval_metric": "auc", "learning_rate": 9.289050774141635e-07, "max_depth": 2, "min_child_weight": 23, "gamma": 0.7100803789944055, "reg_alpha": 5.812929005787879, "reg_lambda": 1.2621631796588029, "subsample": 0.628725606733601, "colsample_bytree": 0.5270031523089681, "colsample_bylevel": 0.4163229933524812, "colsample_bynode": 0.5275665495361708, "max_delta_step": 7, "scale_pos_weight": 7, "n_estimators": 100}