{"test_gini": 0.7129390997352161, "test_ap": 0.5598419145910111, "optimization_time": 188.98687386512756, "fpr": [0.0, 0.0007272727272727272, 0.002909090909090909, 0.006545454545454545, 0.016, 0.032, 0.03636363636363636, 0.04727272727272727, 0.05018181818181818, 0.06327272727272727, 0.07490909090909091, 0.08218181818181818, 0.09381818181818181, 0.11272727272727273, 0.12581818181818183, 0.144, 0.1549090909090909, 0.18763636363636363, 0.2, 0.23418181818181819, 0.24509090909090908, 0.26690909090909093, 0.8450909090909091, 1.0], "tpr": [0.0, 0.11650485436893204, 0.2524271844660194, 0.3883495145631068, 0.44660194174757284, 0.5242718446601942, 0.6116504854368932, 0.6213592233009708, 0.6407766990291263, 0.6893203883495146, 0.7087378640776699, 0.7184466019417476, 0.7378640776699029, 0.7378640776699029, 0.7378640776699029, 0.7572815533980582, 0.7766990291262136, 0.7766990291262136, 0.7864077669902912, 0.8252427184466019, 0.8252427184466019, 0.8543689320388349, 0.9320388349514563, 1.0], "precision": [0.06968876860622462, 0.07631160572337042, 0.1934065934065934, 0.2014218009478673, 0.20884520884520885, 0.22752808988764045, 0.23668639053254437, 0.27303754266211605, 0.2826086956521739, 0.30522088353413657, 0.329004329004329, 0.37073170731707317, 0.39572192513368987, 0.4147727272727273, 0.44936708860759494, 0.4888888888888889, 0.49612403100775193, 0.5575221238938053, 0.5510204081632653, 0.6764705882352942, 0.8163265306122449, 0.8666666666666667, 0.9230769230769231, 1.0], "recall": [1.0, 0.9320388349514563, 0.8543689320388349, 0.8252427184466019, 0.8252427184466019, 0.7864077669902912, 0.7766990291262136, 0.7766990291262136, 0.7572815533980582, 0.7378640776699029, 0.7378640776699029, 0.7378640776699029, 0.7184466019417476, 0.7087378640776699, 0.6893203883495146, 0.6407766990291263, 0.6213592233009708, 0.6116504854368932, 0.5242718446601942, 0.44660194174757284, 0.3883495145631068, 0.2524271844660194, 0.11650485436893204, 0.0], "mean_train_gini": [0.9588969952801967, 0.9659459549292029, 0.9678413243822992, 0.9677213262360637, 0.9458162853208337, 0.9644485807352257, 0.9546109486139732, 0.9585269855141549, 0.946088556976775, 0.9690173062154074, 0.9642026191584125, 0.9640862859801901, 0.9653569489685124, 0.9522821164693731, 0.9677444982918884, 0.9578740942631124, 0.9579314299009507, 0.9662606591456794, 0.9585451921294457, 0.9598676544583036, 0.9656476434221897, 0.9600786079904274, 0.9685555202457562, 0.9627012658563068, 0.9423578559889834, 0.9567456624343548, 0.9593457089676262, 0.9539231945658219, 0.9690255819496306, 0.961494663806573, 0.9540085089410357, 0.9479433955992821, 0.9650581949630571, 0.9646841317761712, 0.9697298469320199, 0.9556820448048926, 0.9677366549225555, 0.9526222491459442, 0.9676476722014776, 0.9669707171420249, 0.9655687030512532, 0.9497515455693678, 0.9534705119038162, 0.9673687799581578, 0.9655216360795529, 0.9656650933989231, 0.9563027654058366, 0.9629652617780251, 0.9527513505998253, 0.9603550952040465], "mean_test_gini": [0.934984764106336, 0.8636124829252918, 0.8985288620708068, 0.9144951140065147, 0.8985555614887595, 0.8997451928128612, 0.9500236419039614, 0.9168313130773749, 0.8617370641320019, 0.8506568056816362, 0.9139303351896607, 0.8560076704843965, 0.8428739253484272, 0.8441688471191329, 0.9159635819939126, 0.9156640748134917, 0.9112377850162867, 0.918112885139104, 0.8113953115822076, 0.8771826774176323, 0.8786513607229169, 0.8992460859514553, 0.8983286164361617, 0.8964730068884498, 0.8631921824104234, 0.9265130818535252, 0.8716113270988757, 0.8135179153094463, 0.8753003684519678, 0.8746195332941742, 0.865228013029316, 0.9215876851949144, 0.8883697335398089, 0.9133603887435253, 0.9336919955144978, 0.8256672270673533, 0.8778764316486288, 0.9112377850162867, 0.8637261707694772, 0.872790623164415, 0.8198092886413785, 0.9035541662288535, 0.8726571260746516, 0.9538767554867302, 0.908380947295349, 0.894688452243354, 0.8905642534412106, 0.892094302344209, 0.8315667218454638, 0.9087013403107813]}