{"objective": "binary:logistic", "eval_metric": "auc", "learning_rate": 0.0036623139201695945, "max_depth": 3, "min_child_weight": 9, "gamma": 4.501565844331071, "reg_alpha": 6.150456068155735, "reg_lambda": 1.1161036550339731, "subsample": 0.6512313486171234, "colsample_bytree": 0.39039409767547373, "colsample_bylevel": 0.3090098723832619, "colsample_bynode": 0.5791552891530255, "max_delta_step": 6, "scale_pos_weight": 6, "n_estimators": 48}