{"objective": "binary:logistic", "eval_metric": "auc", "learning_rate": 0.17164075712638005, "max_depth": 8, "min_child_weight": 2, "gamma": 0.08254001128991018, "reg_alpha": 9.807193017443488, "reg_lambda": 3.990810378766628, "subsample": 0.883576625461373, "colsample_bytree": 0.8149669780008194, "colsample_bylevel": 0.5365178917985913, "colsample_bynode": 0.8913815867512067, "max_delta_step": 3, "scale_pos_weight": 1, "n_estimators": 15}