{"objective": "binary:logistic", "eval_metric": "auc", "learning_rate": 4.473587973121154e-06, "max_depth": 13, "min_child_weight": 42, "gamma": 5.607269250479016, "reg_alpha": 9.716525503350619, "reg_lambda": 8.877501591745483, "subsample": 0.6692672942685977, "colsample_bytree": 0.8226465590349903, "colsample_bylevel": 0.6398615983725471, "colsample_bynode": 0.39343285015710294, "max_delta_step": 6, "scale_pos_weight": 8, "n_estimators": 9}