{"objective": "binary:logistic", "eval_metric": "auc", "learning_rate": 0.00024230884717154851, "max_depth": 9, "min_child_weight": 7, "gamma": 1.0481339610048201, "reg_alpha": 7.829835700495426, "reg_lambda": 6.460198024115142, "subsample": 0.4786493191952249, "colsample_bytree": 0.6412995416143085, "colsample_bylevel": 0.8233422537796542, "colsample_bynode": 0.8517989715645535, "max_delta_step": 6, "scale_pos_weight": 3, "n_estimators": 133}