{"objective": "binary:logistic", "eval_metric": "auc", "learning_rate": 3.767704393737608e-08, "max_depth": 5, "min_child_weight": 35, "gamma": 3.268196545659112, "reg_alpha": 1.0890971011886152, "reg_lambda": 2.264722611937832, "subsample": 0.7173284376556794, "colsample_bytree": 0.5751429758943583, "colsample_bylevel": 0.38253491047344285, "colsample_bynode": 0.6510106496320966, "max_delta_step": 1, "scale_pos_weight": 6, "n_estimators": 9}