{"objective": "binary:logistic", "eval_metric": "auc", "learning_rate": 0.07324050074257132, "max_depth": 6, "min_child_weight": 13, "gamma": 2.2610002220519707, "reg_alpha": 4.302267609440172, "reg_lambda": 4.468734921733949, "subsample": 0.40898237468552223, "colsample_bytree": 0.7178438620838852, "colsample_bylevel": 0.703659481063673, "colsample_bynode": 0.7500063411678778, "max_delta_step": 8, "scale_pos_weight": 6, "n_estimators": 122}