{"objective": "binary:logistic", "eval_metric": "auc", "learning_rate": 0.2528001949152353, "max_depth": 13, "min_child_weight": 35, "gamma": 1.663362846358234, "reg_alpha": 7.549192581775247, "reg_lambda": 3.400336253759738, "subsample": 0.6361909514801001, "colsample_bytree": 0.3204331899737395, "colsample_bylevel": 0.8219794202930517, "colsample_bynode": 0.3249547817026354, "max_delta_step": 8, "scale_pos_weight": 1, "n_estimators": 86}