{"objective": "binary:logistic", "eval_metric": "auc", "learning_rate": 0.1445472273363387, "max_depth": 12, "min_child_weight": 44, "gamma": 2.2132318385588734, "reg_alpha": 2.274873556352477, "reg_lambda": 0.9717373996610312, "subsample": 0.5320970458136434, "colsample_bytree": 0.7018169910426415, "colsample_bylevel": 0.4627109130499927, "colsample_bynode": 0.8118620027868197, "max_delta_step": 2, "scale_pos_weight": 1, "n_estimators": 46}