{"test_gini": 0.705945171849427, "test_ap": 0.4043990997236171, "optimization_time": 158.64903354644775, "fpr": [0.0, 0.0012274959083469722, 0.010638297872340425, 0.015139116202945991, 0.038461538461538464, 0.04991816693944354, 0.06587561374795417, 0.08265139116202946, 0.10801963993453355, 0.20212765957446807, 0.2139934533551555, 0.2229950900163666, 0.24222585924713586, 0.25777414075286414, 0.2720949263502455, 0.2917348608837971, 0.619885433715221, 0.6382978723404256, 1.0], "tpr": [0.0, 0.27, 0.32, 0.39, 0.5, 0.52, 0.53, 0.54, 0.59, 0.74, 0.75, 0.76, 0.78, 0.8, 0.81, 0.85, 0.95, 0.96, 1.0], "precision": [0.03930817610062893, 0.057971014492753624, 0.059006211180124224, 0.10651629072681704, 0.10857908847184987, 0.11267605633802817, 0.11641791044776119, 0.12238325281803543, 0.1254180602006689, 0.13028169014084506, 0.1826625386996904, 0.2109375, 0.24766355140186916, 0.2988505747126437, 0.3472222222222222, 0.5131578947368421, 0.5517241379310345, 0.9, 1.0], "recall": [1.0, 0.96, 0.95, 0.85, 0.81, 0.8, 0.78, 0.76, 0.75, 0.74, 0.59, 0.54, 0.53, 0.52, 0.5, 0.39, 0.32, 0.27, 0.0], "mean_train_gini": [0.9044010416666667, 0.9131493055555555, 0.8929696180555556, 0.8951345486111111, 0.9075052083333333, 0.8932439236111112, 0.8991953125000001, 0.90425, 0.8974496527777777, 0.890873263888889, 0.9137178819444445, 0.9014756944444444, 0.8816458333333332, 0.899265625, 0.8978454861111111, 0.9103125000000001, 0.8952838541666667, 0.8988064236111112, 0.8902109375, 0.8960182291666667, 0.8969618055555555, 0.8999878472222221, 0.9122248263888889, 0.9020460069444445, 0.9038029513888889, 0.8976015624999999, 0.9044392361111111, 0.9003428819444445, 0.8997803819444444, 0.8972013888888889, 0.8954930555555556, 0.9135269097222223, 0.9090763888888889, 0.9039539930555557, 0.8869244791666667, 0.9009305555555556, 0.9001571180555555, 0.9108194444444444, 0.8969652777777778, 0.8936744791666666, 0.9028255208333333, 0.90859375, 0.8944097222222223, 0.8888090277777778, 0.9058055555555555, 0.8977777777777778, 0.9008949652777778, 0.9007118055555555, 0.8975208333333333, 0.9074461805555556], "mean_test_gini": [0.843138888888889, 0.7982777777777778, 0.821625, 0.8684999999999999, 0.8101666666666667, 0.8453333333333333, 0.7944861111111111, 0.7997777777777777, 0.8227916666666668, 0.8815694444444444, 0.8089305555555555, 0.8321944444444445, 0.8480000000000001, 0.7419166666666667, 0.8480277777777778, 0.7875416666666667, 0.8148472222222221, 0.8374166666666667, 0.8296527777777778, 0.8239861111111111, 0.8592361111111111, 0.8333750000000001, 0.7855138888888888, 0.8291805555555556, 0.7977638888888888, 0.8422499999999999, 0.800513888888889, 0.7565833333333334, 0.8431111111111111, 0.819, 0.8279305555555556, 0.788125, 0.8126111111111112, 0.8499444444444444, 0.8269305555555557, 0.8795138888888888, 0.8575833333333334, 0.7645833333333332, 0.8359027777777779, 0.8214583333333334, 0.8288333333333333, 0.770375, 0.7910555555555556, 0.868263888888889, 0.7635694444444444, 0.8579027777777779, 0.8271805555555555, 0.7807222222222221, 0.8093888888888889, 0.8031250000000001]}