{"test_gini": 0.7040800427262848, "test_ap": 0.34323930602489716, "optimization_time": 97.39596915245056, "fpr": [0.0, 0.0026004457907069785, 0.0037434988855232325, 0.004315025432931359, 0.0046865176887466425, 0.00548665485511802, 0.006772589586786306, 0.007315539806824027, 0.008344287592158656, 0.009973138252271817, 0.010859004400754414, 0.012830770989312453, 0.013916671429387895, 0.014831113905240898, 0.015516945762130651, 0.01614562496427959, 0.017688746642281535, 0.018060238898096815, 0.01946047893924673, 0.02126078756358233, 0.022003772075212893, 0.02274675658684346, 0.025661541978624906, 0.027033205692404413, 0.027861919186146198, 0.029662227810481796, 0.03026233068526033, 0.030605246613705207, 0.03160541807166943, 0.033177116077041775, 0.034062982225524376, 0.035720409213007946, 0.03674915699834257, 0.03814939703949249, 0.04235011716294222, 0.043721780876721725, 0.04443618906098188, 0.047408127107504146, 0.048836943476024464, 0.05049437046350803, 0.05298051094473338, 0.054066411384808825, 0.056495399211293366, 0.05726696005029434, 0.058209978853517745, 0.05961021889466766, 0.07212665028290564, 0.07295536377664742, 0.07615591244213293, 0.07947076641710007, 0.0818711779162142, 0.08281419671943761, 0.0849859975995885, 0.08701491684288735, 0.08941532834200148, 0.09235869006115334, 0.1263359433045665, 0.12776475967308681, 0.12956506829742243, 0.13545179173572613, 0.1398239698233983, 0.1421100760130308, 0.14682517002914786, 0.15171172200948735, 0.15811281934045837, 0.1609990284048694, 0.16251357375550093, 0.1676287363548037, 0.2270674972852489, 0.2388409441618563, 0.24204149282734183, 0.24752814768245984, 0.25887294964851115, 0.26227353260558955, 0.27438989541064185, 0.28139109561639136, 0.3047665314053838, 0.312024918557467, 0.31899754243584616, 0.3583185688975253, 0.3863233697205235, 0.3924101274504201, 0.4313310853289135, 0.44453334857404125, 0.4904269303309139, 0.49577070354917985, 0.5003429159284449, 0.5087157798479739, 0.5340915585528948, 0.6351660284620221, 0.6512830770989313, 0.8480596673715494, 0.8525461507687032, 0.8674058410013145, 1.0], "tpr": [0.0, 0.053471667996807665, 0.07741420590582601, 0.08419792498004788, 0.0965682362330407, 0.10694333599361533, 0.11252992817238627, 0.11851556264964086, 0.1300877893056664, 0.15003990422984836, 0.15762170790103752, 0.17956903431763768, 0.18874700718276138, 0.19752593774940144, 0.20470869912210693, 0.20989624900239426, 0.22346368715083798, 0.23224261771747806, 0.2501995211492418, 0.25738228252194734, 0.262170790103751, 0.26975259377494015, 0.28371907422186754, 0.29010375099760577, 0.29848363926576216, 0.3200319233838787, 0.32561851556264965, 0.3375897845171588, 0.34477254588986433, 0.349561053471668, 0.35714285714285715, 0.3663208300079808, 0.37350359138068634, 0.3818834796488428, 0.4030327214684757, 0.40782122905027934, 0.41221069433359936, 0.42418196328810853, 0.43455706304868313, 0.44253790901835593, 0.46089385474860334, 0.471268954509178, 0.48403830806065445, 0.4940143655227454, 0.5, 0.5035913806863528, 0.5403032721468476, 0.5450917797286512, 0.5502793296089385, 0.5566640063846767, 0.5610534716679968, 0.5670391061452514, 0.5722266560255387, 0.5766161213088588, 0.5798084596967279, 0.5853950518754988, 0.640462889066241, 0.6476456504389465, 0.6528332003192339, 0.6652035115722267, 0.6675977653631285, 0.6751795690343176, 0.6811652035115723, 0.6859537110933759, 0.6959297685554668, 0.6995211492418196, 0.7027134876296888, 0.7110933758978452, 0.7841181165203511, 0.795291300877893, 0.8012769353551477, 0.8052673583399841, 0.8160415003990423, 0.8188347964884277, 0.8260175578611333, 0.8296089385474861, 0.8499600957701516, 0.8539505187549881, 0.8575418994413407, 0.8754988028731046, 0.8922585794094174, 0.8930566640063847, 0.9062250598563448, 0.9102154828411811, 0.9229848363926576, 0.9241819632881085, 0.9249800478850758, 0.9293695131683959, 0.9353551476456504, 0.9569034317637669, 0.9592976855546688, 0.9836392657621708, 0.984437350359138, 0.9872306464485235, 1.0], "precision": [0.06682666666666667, 0.07536249543072987, 0.07637534441658153, 0.0766909339804617, 0.09541575709466164, 0.09738071065989848, 0.11143862318151564, 0.1156922159852963, 0.11691128259444192, 0.11777269260106789, 0.11876765083440308, 0.12788024892078265, 0.13078030521163259, 0.14013775829680652, 0.14192319898444938, 0.14891739632118373, 0.16143329326923078, 0.1638716593919902, 0.16647127784290738, 0.17432500419252053, 0.1773474982864976, 0.18272484416740872, 0.1841678674351585, 0.18895131086142322, 0.19163962588280206, 0.1925417834025698, 0.19826455453536473, 0.2330020920502092, 0.2364393125671321, 0.23730878570461622, 0.23965920021987083, 0.2445930563460444, 0.2493791088385683, 0.25386346586646663, 0.2547974413646055, 0.26018417356016854, 0.2651539708265802, 0.2663275352806039, 0.2663458347162297, 0.31219408384762715, 0.3171104321257093, 0.321826280623608, 0.3253176043557169, 0.32901134521880065, 0.3291969093889019, 0.33405172413793105, 0.34099901088031653, 0.3485583056902271, 0.34914904589994844, 0.3769414575866189, 0.38085106382978723, 0.38186304750154226, 0.38025078369905957, 0.3843150016270745, 0.38384845463609174, 0.38560500695410294, 0.38920657612580417, 0.390521675238795, 0.3991499227202473, 0.4004702194357367, 0.40529695024077045, 0.4175392670157068, 0.42124212421242124, 0.42343173431734316, 0.42884523239099187, 0.43004418262150224, 0.4385786802030457, 0.4413145539906103, 0.4352, 0.4358695652173913, 0.4341265235055136, 0.43454871488344293, 0.44188937228091985, 0.4592391304347826, 0.460406447091801, 0.46436285097192226, 0.4793577981651376, 0.4794069192751236, 0.47497879558948264, 0.4821264894592117, 0.48579545454545453, 0.4881656804733728, 0.49270833333333336, 0.5005561735261401, 0.5096774193548387, 0.5186206896551724, 0.5275080906148867, 0.5370705244122965, 0.5433526011560693, 0.5826086956521739, 0.5960591133004927, 0.5828729281767956, 0.5969230769230769, 0.5955555555555555, 1.0], "recall": [1.0, 0.9872306464485235, 0.984437350359138, 0.9836392657621708, 0.9592976855546688, 0.9569034317637669, 0.9353551476456504, 0.9293695131683959, 0.9249800478850758, 0.9241819632881085, 0.9229848363926576, 0.9102154828411811, 0.9062250598563448, 0.8930566640063847, 0.8922585794094174, 0.8754988028731046, 0.8575418994413407, 0.8539505187549881, 0.8499600957701516, 0.8296089385474861, 0.8260175578611333, 0.8188347964884277, 0.8160415003990423, 0.8052673583399841, 0.8012769353551477, 0.795291300877893, 0.7841181165203511, 0.7110933758978452, 0.7027134876296888, 0.6995211492418196, 0.6959297685554668, 0.6859537110933759, 0.6811652035115723, 0.6751795690343176, 0.6675977653631285, 0.6652035115722267, 0.6528332003192339, 0.6476456504389465, 0.640462889066241, 0.5853950518754988, 0.5798084596967279, 0.5766161213088588, 0.5722266560255387, 0.5670391061452514, 0.5610534716679968, 0.5566640063846767, 0.5502793296089385, 0.5450917797286512, 0.5403032721468476, 0.5035913806863528, 0.5, 0.4940143655227454, 0.48403830806065445, 0.471268954509178, 0.46089385474860334, 0.44253790901835593, 0.43455706304868313, 0.42418196328810853, 0.41221069433359936, 0.40782122905027934, 0.4030327214684757, 0.3818834796488428, 0.37350359138068634, 0.3663208300079808, 0.35714285714285715, 0.349561053471668, 0.34477254588986433, 0.3375897845171588, 0.32561851556264965, 0.3200319233838787, 0.29848363926576216, 0.29010375099760577, 0.28371907422186754, 0.26975259377494015, 0.262170790103751, 0.25738228252194734, 0.2501995211492418, 0.23224261771747806, 0.22346368715083798, 0.20989624900239426, 0.20470869912210693, 0.19752593774940144, 0.18874700718276138, 0.17956903431763768, 0.15762170790103752, 0.15003990422984836, 0.1300877893056664, 0.11851556264964086, 0.11252992817238627, 0.10694333599361533, 0.0965682362330407, 0.08419792498004788, 0.07741420590582601, 0.053471667996807665, 0.0],